Country,Site,SppCode1,SppCode2,Spp1Det,Spp2Det,num.nights
Nepal,NEP01,CAAU,HEUR,0,0,15
Nepal,NEP02,CAAU,HEUR,0,0,15
Nepal,NEP03,CAAU,HEUR,0,0,15
Nepal,NEP04,CAAU,HEUR,0,0,15
Nepal,NEP05,CAAU,HEUR,0,0,15
Nepal,NEP06,CAAU,HEUR,0,0,15
Nepal,NEP07,CAAU,HEUR,0,0,15
Nepal,NEP08,CAAU,HEUR,0,0,15
Nepal,NEP09,CAAU,HEUR,0,0,15
Nepal,NEP10,CAAU,HEUR,0,0,15
Nepal,NEP11,CAAU,HEUR,0,0,15
Nepal,NEP12,CAAU,HEUR,0,0,15
Nepal,NEP13,CAAU,HEUR,0,0,15
Nepal,NEP14,CAAU,HEUR,0,0,15
Nepal,NEP15,CAAU,HEUR,0,0,15
Nepal,NEP16,CAAU,HEUR,0,0,15
Nepal,NEP17,CAAU,HEUR,0,1,15
Nepal,NEP18,CAAU,HEUR,0,1,15
Nepal,NEP19,CAAU,HEUR,0,3,15
Nepal,NEP20,CAAU,HEUR,0,5,15
Nepal,NEP21,CAAU,HEUR,0,0,15
Nepal,NEP22,CAAU,HEUR,0,0,15
Nepal,NEP23,CAAU,HEUR,0,0,15
Nepal,NEP24,CAAU,HEUR,0,0,15
Nepal,NEP25,CAAU,HEUR,0,0,15
Nepal,NEP26,CAAU,HEUR,0,0,15
Nepal,NEP27,CAAU,HEUR,0,0,15
Nepal,NEP28,CAAU,HEUR,0,0,15
Nepal,NEP29,CAAU,HEUR,0,0,15
Nepal,NEP30,CAAU,HEUR,0,0,15
Nepal,NEP31,CAAU,HEUR,0,0,15
Nepal,NEP32,CAAU,HEUR,0,0,15
Nepal,NEP33,CAAU,HEUR,0,0,15
Nepal,NEP34,CAAU,HEUR,0,0,15
Nepal,NEP35,CAAU,HEUR,0,0,15
Nepal,NEP36,CAAU,HEUR,0,0,15
Nepal,NEP37,CAAU,HEUR,0,0,15
Nepal,NEP38,CAAU,HEUR,0,0,15
Nepal,NEP39,CAAU,HEUR,0,0,15
Nepal,NEP40,CAAU,HEUR,0,0,15
Nepal,NEP41,CAAU,HEUR,0,0,15
Nepal,NEP42,CAAU,HEUR,0,0,15
Nepal,NEP43,CAAU,HEUR,0,0,15
Nepal,NEP44,CAAU,HEUR,0,0,15
Nepal,NEP45,CAAU,HEUR,0,0,15
Nepal,NEP46,CAAU,HEUR,0,0,15
Nepal,NEP47,CAAU,HEUR,0,0,15
Nepal,NEP48,CAAU,HEUR,1,0,15
Nepal,NEP49,CAAU,HEUR,1,0,15
Nepal,NEP50,CAAU,HEUR,0,0,15
Nepal,NEP51,CAAU,HEUR,0,0,15
Nepal,NEP52,CAAU,HEUR,3,0,15
Nepal,NEP53,CAAU,HEUR,0,0,15
Nepal,NEP54,CAAU,HEUR,0,5,15
Nepal,NEP55,CAAU,HEUR,4,0,15
Nepal,NEP56,CAAU,HEUR,0,0,15
Nepal,NEP57,CAAU,HEUR,0,1,15
Nepal,NEP58,CAAU,HEUR,0,0,15
Nepal,NEP59,CAAU,HEUR,0,0,15
Nepal,NEP60,CAAU,HEUR,0,0,15
Nepal,NEP61,CAAU,HEUR,0,0,15
Nepal,NEP62,CAAU,HEUR,0,0,15
Nepal,NEP63,CAAU,HEUR,0,0,15
Nepal,NEP64,CAAU,HEUR,0,0,15
Nepal,NEP65,CAAU,HEUR,0,0,15
Nepal,NEP66,CAAU,HEUR,0,0,15
Nepal,NEP67,CAAU,HEUR,0,0,15
Nepal,NEP68,CAAU,HEUR,0,0,15
Nepal,NEP69,CAAU,HEUR,0,0,15
Nepal,NEP70,CAAU,HEUR,4,0,15
Nepal,NEP71,CAAU,HEUR,0,0,15
Nepal,NEP72,CAAU,HEUR,0,0,15
Nepal,NEP73,CAAU,HEUR,0,0,15
Nepal,NEP74,CAAU,HEUR,0,0,15
Nepal,NEP75,CAAU,HEUR,0,0,15
Nepal,NEP76,CAAU,HEUR,0,0,15
Nepal,NEP77,CAAU,HEUR,0,0,15
Nepal,NEP78,CAAU,HEUR,0,0,15
Nepal,NEP01,CAAU,PAPAF,0,0,15
Nepal,NEP02,CAAU,PAPAF,0,2,15
Nepal,NEP03,CAAU,PAPAF,0,0,15
Nepal,NEP04,CAAU,PAPAF,0,0,15
Nepal,NEP05,CAAU,PAPAF,0,0,15
Nepal,NEP06,CAAU,PAPAF,0,0,15
Nepal,NEP07,CAAU,PAPAF,0,0,15
Nepal,NEP08,CAAU,PAPAF,0,0,15
Nepal,NEP09,CAAU,PAPAF,0,0,15
Nepal,NEP10,CAAU,PAPAF,0,1,15
Nepal,NEP11,CAAU,PAPAF,0,0,15
Nepal,NEP12,CAAU,PAPAF,0,0,15
Nepal,NEP13,CAAU,PAPAF,0,4,15
Nepal,NEP14,CAAU,PAPAF,0,2,15
Nepal,NEP15,CAAU,PAPAF,0,2,15
Nepal,NEP16,CAAU,PAPAF,0,1,15
Nepal,NEP17,CAAU,PAPAF,0,0,15
Nepal,NEP18,CAAU,PAPAF,0,0,15
Nepal,NEP19,CAAU,PAPAF,0,0,15
Nepal,NEP20,CAAU,PAPAF,0,1,15
Nepal,NEP21,CAAU,PAPAF,0,1,15
Nepal,NEP22,CAAU,PAPAF,0,0,15
Nepal,NEP23,CAAU,PAPAF,0,1,15
Nepal,NEP24,CAAU,PAPAF,0,2,15
Nepal,NEP25,CAAU,PAPAF,0,0,15
Nepal,NEP26,CAAU,PAPAF,0,1,15
Nepal,NEP27,CAAU,PAPAF,0,0,15
Nepal,NEP28,CAAU,PAPAF,0,0,15
Nepal,NEP29,CAAU,PAPAF,0,0,15
Nepal,NEP30,CAAU,PAPAF,0,1,15
Nepal,NEP31,CAAU,PAPAF,0,0,15
Nepal,NEP32,CAAU,PAPAF,0,0,15
Nepal,NEP33,CAAU,PAPAF,0,3,15
Nepal,NEP34,CAAU,PAPAF,0,1,15
Nepal,NEP35,CAAU,PAPAF,0,1,15
Nepal,NEP36,CAAU,PAPAF,0,1,15
Nepal,NEP37,CAAU,PAPAF,0,0,15
Nepal,NEP38,CAAU,PAPAF,0,1,15
Nepal,NEP39,CAAU,PAPAF,0,1,15
Nepal,NEP40,CAAU,PAPAF,0,0,15
Nepal,NEP41,CAAU,PAPAF,0,3,15
Nepal,NEP42,CAAU,PAPAF,0,0,15
Nepal,NEP43,CAAU,PAPAF,0,0,15
Nepal,NEP44,CAAU,PAPAF,0,0,15
Nepal,NEP45,CAAU,PAPAF,0,0,15
Nepal,NEP46,CAAU,PAPAF,0,2,15
Nepal,NEP47,CAAU,PAPAF,0,4,15
Nepal,NEP48,CAAU,PAPAF,1,2,15
Nepal,NEP49,CAAU,PAPAF,1,3,15
Nepal,NEP50,CAAU,PAPAF,0,0,15
Nepal,NEP51,CAAU,PAPAF,0,1,15
Nepal,NEP52,CAAU,PAPAF,3,0,15
Nepal,NEP53,CAAU,PAPAF,0,1,15
Nepal,NEP54,CAAU,PAPAF,0,0,15
Nepal,NEP55,CAAU,PAPAF,4,0,15
Nepal,NEP56,CAAU,PAPAF,0,0,15
Nepal,NEP57,CAAU,PAPAF,0,0,15
Nepal,NEP58,CAAU,PAPAF,0,1,15
Nepal,NEP59,CAAU,PAPAF,0,0,15
Nepal,NEP60,CAAU,PAPAF,0,1,15
Nepal,NEP61,CAAU,PAPAF,0,1,15
Nepal,NEP62,CAAU,PAPAF,0,0,15
Nepal,NEP63,CAAU,PAPAF,0,0,15
Nepal,NEP64,CAAU,PAPAF,0,0,15
Nepal,NEP65,CAAU,PAPAF,0,0,15
Nepal,NEP66,CAAU,PAPAF,0,0,15
Nepal,NEP67,CAAU,PAPAF,0,1,15
Nepal,NEP68,CAAU,PAPAF,0,0,15
Nepal,NEP69,CAAU,PAPAF,0,0,15
Nepal,NEP70,CAAU,PAPAF,4,0,15
Nepal,NEP71,CAAU,PAPAF,0,1,15
Nepal,NEP72,CAAU,PAPAF,0,1,15
Nepal,NEP73,CAAU,PAPAF,0,1,15
Nepal,NEP74,CAAU,PAPAF,0,0,15
Nepal,NEP75,CAAU,PAPAF,0,1,15
Nepal,NEP76,CAAU,PAPAF,0,1,15
Nepal,NEP77,CAAU,PAPAF,0,0,15
Nepal,NEP78,CAAU,PAPAF,0,0,15
Nepal,NEP01,CAAU,PATIT,0,0,15
Nepal,NEP02,CAAU,PATIT,0,0,15
Nepal,NEP03,CAAU,PATIT,0,0,15
Nepal,NEP04,CAAU,PATIT,0,0,15
Nepal,NEP05,CAAU,PATIT,0,0,15
Nepal,NEP06,CAAU,PATIT,0,0,15
Nepal,NEP07,CAAU,PATIT,0,0,15
Nepal,NEP08,CAAU,PATIT,0,2,15
Nepal,NEP09,CAAU,PATIT,0,1,15
Nepal,NEP10,CAAU,PATIT,0,0,15
Nepal,NEP11,CAAU,PATIT,0,0,15
Nepal,NEP12,CAAU,PATIT,0,1,15
Nepal,NEP13,CAAU,PATIT,0,1,15
Nepal,NEP14,CAAU,PATIT,0,0,15
Nepal,NEP15,CAAU,PATIT,0,0,15
Nepal,NEP16,CAAU,PATIT,0,0,15
Nepal,NEP17,CAAU,PATIT,0,0,15
Nepal,NEP18,CAAU,PATIT,0,0,15
Nepal,NEP19,CAAU,PATIT,0,0,15
Nepal,NEP20,CAAU,PATIT,0,0,15
Nepal,NEP21,CAAU,PATIT,0,0,15
Nepal,NEP22,CAAU,PATIT,0,0,15
Nepal,NEP23,CAAU,PATIT,0,0,15
Nepal,NEP24,CAAU,PATIT,0,0,15
Nepal,NEP25,CAAU,PATIT,0,0,15
Nepal,NEP26,CAAU,PATIT,0,1,15
Nepal,NEP27,CAAU,PATIT,0,0,15
Nepal,NEP28,CAAU,PATIT,0,1,15
Nepal,NEP29,CAAU,PATIT,0,0,15
Nepal,NEP30,CAAU,PATIT,0,2,15
Nepal,NEP31,CAAU,PATIT,0,6,15
Nepal,NEP32,CAAU,PATIT,0,2,15
Nepal,NEP33,CAAU,PATIT,0,0,15
Nepal,NEP34,CAAU,PATIT,0,2,15
Nepal,NEP35,CAAU,PATIT,0,0,15
Nepal,NEP36,CAAU,PATIT,0,3,15
Nepal,NEP37,CAAU,PATIT,0,1,15
Nepal,NEP38,CAAU,PATIT,0,1,15
Nepal,NEP39,CAAU,PATIT,0,0,15
Nepal,NEP40,CAAU,PATIT,0,3,15
Nepal,NEP41,CAAU,PATIT,0,3,15
Nepal,NEP42,CAAU,PATIT,0,2,15
Nepal,NEP43,CAAU,PATIT,0,1,15
Nepal,NEP44,CAAU,PATIT,0,1,15
Nepal,NEP45,CAAU,PATIT,0,2,15
Nepal,NEP46,CAAU,PATIT,0,4,15
Nepal,NEP47,CAAU,PATIT,0,2,15
Nepal,NEP48,CAAU,PATIT,1,0,15
Nepal,NEP49,CAAU,PATIT,1,2,15
Nepal,NEP50,CAAU,PATIT,0,2,15
Nepal,NEP51,CAAU,PATIT,0,1,15
Nepal,NEP52,CAAU,PATIT,3,1,15
Nepal,NEP53,CAAU,PATIT,0,2,15
Nepal,NEP54,CAAU,PATIT,0,2,15
Nepal,NEP55,CAAU,PATIT,4,0,15
Nepal,NEP56,CAAU,PATIT,0,0,15
Nepal,NEP57,CAAU,PATIT,0,0,15
Nepal,NEP58,CAAU,PATIT,0,3,15
Nepal,NEP59,CAAU,PATIT,0,0,15
Nepal,NEP60,CAAU,PATIT,0,1,15
Nepal,NEP61,CAAU,PATIT,0,0,15
Nepal,NEP62,CAAU,PATIT,0,1,15
Nepal,NEP63,CAAU,PATIT,0,0,15
Nepal,NEP64,CAAU,PATIT,0,0,15
Nepal,NEP65,CAAU,PATIT,0,0,15
Nepal,NEP66,CAAU,PATIT,0,2,15
Nepal,NEP67,CAAU,PATIT,0,0,15
Nepal,NEP68,CAAU,PATIT,0,0,15
Nepal,NEP69,CAAU,PATIT,0,0,15
Nepal,NEP70,CAAU,PATIT,4,2,15
Nepal,NEP71,CAAU,PATIT,0,3,15
Nepal,NEP72,CAAU,PATIT,0,0,15
Nepal,NEP73,CAAU,PATIT,0,0,15
Nepal,NEP74,CAAU,PATIT,0,1,15
Nepal,NEP75,CAAU,PATIT,0,1,15
Nepal,NEP76,CAAU,PATIT,0,0,15
Nepal,NEP77,CAAU,PATIT,0,0,15
Nepal,NEP78,CAAU,PATIT,0,0,15
Nepal,NEP01,CAAU,PRBE,0,0,15
Nepal,NEP02,CAAU,PRBE,0,0,15
Nepal,NEP03,CAAU,PRBE,0,0,15
Nepal,NEP04,CAAU,PRBE,0,0,15
Nepal,NEP05,CAAU,PRBE,0,0,15
Nepal,NEP06,CAAU,PRBE,0,1,15
Nepal,NEP07,CAAU,PRBE,0,0,15
Nepal,NEP08,CAAU,PRBE,0,0,15
Nepal,NEP09,CAAU,PRBE,0,1,15
Nepal,NEP10,CAAU,PRBE,0,0,15
Nepal,NEP11,CAAU,PRBE,0,0,15
Nepal,NEP12,CAAU,PRBE,0,0,15
Nepal,NEP13,CAAU,PRBE,0,0,15
Nepal,NEP14,CAAU,PRBE,0,1,15
Nepal,NEP15,CAAU,PRBE,0,0,15
Nepal,NEP16,CAAU,PRBE,0,0,15
Nepal,NEP17,CAAU,PRBE,0,1,15
Nepal,NEP18,CAAU,PRBE,0,0,15
Nepal,NEP19,CAAU,PRBE,0,0,15
Nepal,NEP20,CAAU,PRBE,0,1,15
Nepal,NEP21,CAAU,PRBE,0,0,15
Nepal,NEP22,CAAU,PRBE,0,0,15
Nepal,NEP23,CAAU,PRBE,0,0,15
Nepal,NEP24,CAAU,PRBE,0,3,15
Nepal,NEP25,CAAU,PRBE,0,0,15
Nepal,NEP26,CAAU,PRBE,0,0,15
Nepal,NEP27,CAAU,PRBE,0,0,15
Nepal,NEP28,CAAU,PRBE,0,0,15
Nepal,NEP29,CAAU,PRBE,0,0,15
Nepal,NEP30,CAAU,PRBE,0,0,15
Nepal,NEP31,CAAU,PRBE,0,1,15
Nepal,NEP32,CAAU,PRBE,0,0,15
Nepal,NEP33,CAAU,PRBE,0,1,15
Nepal,NEP34,CAAU,PRBE,0,0,15
Nepal,NEP35,CAAU,PRBE,0,0,15
Nepal,NEP36,CAAU,PRBE,0,1,15
Nepal,NEP37,CAAU,PRBE,0,0,15
Nepal,NEP38,CAAU,PRBE,0,0,15
Nepal,NEP39,CAAU,PRBE,0,0,15
Nepal,NEP40,CAAU,PRBE,0,0,15
Nepal,NEP41,CAAU,PRBE,0,0,15
Nepal,NEP42,CAAU,PRBE,0,0,15
Nepal,NEP43,CAAU,PRBE,0,0,15
Nepal,NEP44,CAAU,PRBE,0,0,15
Nepal,NEP45,CAAU,PRBE,0,0,15
Nepal,NEP46,CAAU,PRBE,0,0,15
Nepal,NEP47,CAAU,PRBE,0,1,15
Nepal,NEP48,CAAU,PRBE,1,1,15
Nepal,NEP49,CAAU,PRBE,1,1,15
Nepal,NEP50,CAAU,PRBE,0,1,15
Nepal,NEP51,CAAU,PRBE,0,2,15
Nepal,NEP52,CAAU,PRBE,3,0,15
Nepal,NEP53,CAAU,PRBE,0,0,15
Nepal,NEP54,CAAU,PRBE,0,0,15
Nepal,NEP55,CAAU,PRBE,4,0,15
Nepal,NEP56,CAAU,PRBE,0,0,15
Nepal,NEP57,CAAU,PRBE,0,0,15
Nepal,NEP58,CAAU,PRBE,0,0,15
Nepal,NEP59,CAAU,PRBE,0,0,15
Nepal,NEP60,CAAU,PRBE,0,0,15
Nepal,NEP61,CAAU,PRBE,0,0,15
Nepal,NEP62,CAAU,PRBE,0,0,15
Nepal,NEP63,CAAU,PRBE,0,0,15
Nepal,NEP64,CAAU,PRBE,0,0,15
Nepal,NEP65,CAAU,PRBE,0,0,15
Nepal,NEP66,CAAU,PRBE,0,0,15
Nepal,NEP67,CAAU,PRBE,0,0,15
Nepal,NEP68,CAAU,PRBE,0,0,15
Nepal,NEP69,CAAU,PRBE,0,0,15
Nepal,NEP70,CAAU,PRBE,4,0,15
Nepal,NEP71,CAAU,PRBE,0,0,15
Nepal,NEP72,CAAU,PRBE,0,0,15
Nepal,NEP73,CAAU,PRBE,0,0,15
Nepal,NEP74,CAAU,PRBE,0,0,15
Nepal,NEP75,CAAU,PRBE,0,0,15
Nepal,NEP76,CAAU,PRBE,0,0,15
Nepal,NEP77,CAAU,PRBE,0,1,15
Nepal,NEP78,CAAU,PRBE,0,0,15
Nepal,NEP01,CAAU,VIIN,0,0,15
Nepal,NEP02,CAAU,VIIN,0,0,15
Nepal,NEP03,CAAU,VIIN,0,0,15
Nepal,NEP04,CAAU,VIIN,0,0,15
Nepal,NEP05,CAAU,VIIN,0,0,15
Nepal,NEP06,CAAU,VIIN,0,0,15
Nepal,NEP07,CAAU,VIIN,0,0,15
Nepal,NEP08,CAAU,VIIN,0,0,15
Nepal,NEP09,CAAU,VIIN,0,0,15
Nepal,NEP10,CAAU,VIIN,0,0,15
Nepal,NEP11,CAAU,VIIN,0,0,15
Nepal,NEP12,CAAU,VIIN,0,0,15
Nepal,NEP13,CAAU,VIIN,0,0,15
Nepal,NEP14,CAAU,VIIN,0,0,15
Nepal,NEP15,CAAU,VIIN,0,0,15
Nepal,NEP16,CAAU,VIIN,0,0,15
Nepal,NEP17,CAAU,VIIN,0,0,15
Nepal,NEP18,CAAU,VIIN,0,0,15
Nepal,NEP19,CAAU,VIIN,0,0,15
Nepal,NEP20,CAAU,VIIN,0,0,15
Nepal,NEP21,CAAU,VIIN,0,1,15
Nepal,NEP22,CAAU,VIIN,0,0,15
Nepal,NEP23,CAAU,VIIN,0,0,15
Nepal,NEP24,CAAU,VIIN,0,0,15
Nepal,NEP25,CAAU,VIIN,0,0,15
Nepal,NEP26,CAAU,VIIN,0,0,15
Nepal,NEP27,CAAU,VIIN,0,0,15
Nepal,NEP28,CAAU,VIIN,0,0,15
Nepal,NEP29,CAAU,VIIN,0,0,15
Nepal,NEP30,CAAU,VIIN,0,0,15
Nepal,NEP31,CAAU,VIIN,0,4,15
Nepal,NEP32,CAAU,VIIN,0,2,15
Nepal,NEP33,CAAU,VIIN,0,3,15
Nepal,NEP34,CAAU,VIIN,0,0,15
Nepal,NEP35,CAAU,VIIN,0,0,15
Nepal,NEP36,CAAU,VIIN,0,0,15
Nepal,NEP37,CAAU,VIIN,0,0,15
Nepal,NEP38,CAAU,VIIN,0,0,15
Nepal,NEP39,CAAU,VIIN,0,0,15
Nepal,NEP40,CAAU,VIIN,0,0,15
Nepal,NEP41,CAAU,VIIN,0,0,15
Nepal,NEP42,CAAU,VIIN,0,0,15
Nepal,NEP43,CAAU,VIIN,0,0,15
Nepal,NEP44,CAAU,VIIN,0,0,15
Nepal,NEP45,CAAU,VIIN,0,1,15
Nepal,NEP46,CAAU,VIIN,0,3,15
Nepal,NEP47,CAAU,VIIN,0,0,15
Nepal,NEP48,CAAU,VIIN,1,0,15
Nepal,NEP49,CAAU,VIIN,1,0,15
Nepal,NEP50,CAAU,VIIN,0,0,15
Nepal,NEP51,CAAU,VIIN,0,0,15
Nepal,NEP52,CAAU,VIIN,3,0,15
Nepal,NEP53,CAAU,VIIN,0,0,15
Nepal,NEP54,CAAU,VIIN,0,2,15
Nepal,NEP55,CAAU,VIIN,4,2,15
Nepal,NEP56,CAAU,VIIN,0,0,15
Nepal,NEP57,CAAU,VIIN,0,0,15
Nepal,NEP58,CAAU,VIIN,0,0,15
Nepal,NEP59,CAAU,VIIN,0,0,15
Nepal,NEP60,CAAU,VIIN,0,0,15
Nepal,NEP61,CAAU,VIIN,0,0,15
Nepal,NEP62,CAAU,VIIN,0,0,15
Nepal,NEP63,CAAU,VIIN,0,0,15
Nepal,NEP64,CAAU,VIIN,0,0,15
Nepal,NEP65,CAAU,VIIN,0,0,15
Nepal,NEP66,CAAU,VIIN,0,0,15
Nepal,NEP67,CAAU,VIIN,0,0,15
Nepal,NEP68,CAAU,VIIN,0,0,15
Nepal,NEP69,CAAU,VIIN,0,0,15
Nepal,NEP70,CAAU,VIIN,4,2,15
Nepal,NEP71,CAAU,VIIN,0,1,15
Nepal,NEP72,CAAU,VIIN,0,0,15
Nepal,NEP73,CAAU,VIIN,0,0,15
Nepal,NEP74,CAAU,VIIN,0,0,15
Nepal,NEP75,CAAU,VIIN,0,0,15
Nepal,NEP76,CAAU,VIIN,0,0,15
Nepal,NEP77,CAAU,VIIN,0,1,15
Nepal,NEP78,CAAU,VIIN,0,0,15
Nepal,NEP01,CAAU,VIZI,0,2,15
Nepal,NEP02,CAAU,VIZI,0,0,15
Nepal,NEP03,CAAU,VIZI,0,0,15
Nepal,NEP04,CAAU,VIZI,0,0,15
Nepal,NEP05,CAAU,VIZI,0,0,15
Nepal,NEP06,CAAU,VIZI,0,0,15
Nepal,NEP07,CAAU,VIZI,0,0,15
Nepal,NEP08,CAAU,VIZI,0,1,15
Nepal,NEP09,CAAU,VIZI,0,0,15
Nepal,NEP10,CAAU,VIZI,0,1,15
Nepal,NEP11,CAAU,VIZI,0,0,15
Nepal,NEP12,CAAU,VIZI,0,0,15
Nepal,NEP13,CAAU,VIZI,0,0,15
Nepal,NEP14,CAAU,VIZI,0,1,15
Nepal,NEP15,CAAU,VIZI,0,0,15
Nepal,NEP16,CAAU,VIZI,0,0,15
Nepal,NEP17,CAAU,VIZI,0,3,15
Nepal,NEP18,CAAU,VIZI,0,0,15
Nepal,NEP19,CAAU,VIZI,0,1,15
Nepal,NEP20,CAAU,VIZI,0,0,15
Nepal,NEP21,CAAU,VIZI,0,0,15
Nepal,NEP22,CAAU,VIZI,0,0,15
Nepal,NEP23,CAAU,VIZI,0,0,15
Nepal,NEP24,CAAU,VIZI,0,0,15
Nepal,NEP25,CAAU,VIZI,0,0,15
Nepal,NEP26,CAAU,VIZI,0,0,15
Nepal,NEP27,CAAU,VIZI,0,0,15
Nepal,NEP28,CAAU,VIZI,0,1,15
Nepal,NEP29,CAAU,VIZI,0,0,15
Nepal,NEP30,CAAU,VIZI,0,0,15
Nepal,NEP31,CAAU,VIZI,0,0,15
Nepal,NEP32,CAAU,VIZI,0,0,15
Nepal,NEP33,CAAU,VIZI,0,0,15
Nepal,NEP34,CAAU,VIZI,0,0,15
Nepal,NEP35,CAAU,VIZI,0,0,15
Nepal,NEP36,CAAU,VIZI,0,0,15
Nepal,NEP37,CAAU,VIZI,0,1,15
Nepal,NEP38,CAAU,VIZI,0,0,15
Nepal,NEP39,CAAU,VIZI,0,0,15
Nepal,NEP40,CAAU,VIZI,0,2,15
Nepal,NEP41,CAAU,VIZI,0,2,15
Nepal,NEP42,CAAU,VIZI,0,0,15
Nepal,NEP43,CAAU,VIZI,0,0,15
Nepal,NEP44,CAAU,VIZI,0,0,15
Nepal,NEP45,CAAU,VIZI,0,1,15
Nepal,NEP46,CAAU,VIZI,0,0,15
Nepal,NEP47,CAAU,VIZI,0,0,15
Nepal,NEP48,CAAU,VIZI,1,3,15
Nepal,NEP49,CAAU,VIZI,1,2,15
Nepal,NEP50,CAAU,VIZI,0,5,15
Nepal,NEP51,CAAU,VIZI,0,7,15
Nepal,NEP52,CAAU,VIZI,3,1,15
Nepal,NEP53,CAAU,VIZI,0,1,15
Nepal,NEP54,CAAU,VIZI,0,3,15
Nepal,NEP55,CAAU,VIZI,4,0,15
Nepal,NEP56,CAAU,VIZI,0,0,15
Nepal,NEP57,CAAU,VIZI,0,0,15
Nepal,NEP58,CAAU,VIZI,0,0,15
Nepal,NEP59,CAAU,VIZI,0,0,15
Nepal,NEP60,CAAU,VIZI,0,0,15
Nepal,NEP61,CAAU,VIZI,0,0,15
Nepal,NEP62,CAAU,VIZI,0,0,15
Nepal,NEP63,CAAU,VIZI,0,0,15
Nepal,NEP64,CAAU,VIZI,0,0,15
Nepal,NEP65,CAAU,VIZI,0,0,15
Nepal,NEP66,CAAU,VIZI,0,0,15
Nepal,NEP67,CAAU,VIZI,0,0,15
Nepal,NEP68,CAAU,VIZI,0,0,15
Nepal,NEP69,CAAU,VIZI,0,0,15
Nepal,NEP70,CAAU,VIZI,4,0,15
Nepal,NEP71,CAAU,VIZI,0,0,15
Nepal,NEP72,CAAU,VIZI,0,0,15
Nepal,NEP73,CAAU,VIZI,0,0,15
Nepal,NEP74,CAAU,VIZI,0,0,15
Nepal,NEP75,CAAU,VIZI,0,1,15
Nepal,NEP76,CAAU,VIZI,0,0,15
Nepal,NEP77,CAAU,VIZI,0,0,15
Nepal,NEP78,CAAU,VIZI,0,0,15
Nepal,NEP01,HEUR,PAPAF,0,0,15
Nepal,NEP02,HEUR,PAPAF,0,2,15
Nepal,NEP03,HEUR,PAPAF,0,0,15
Nepal,NEP04,HEUR,PAPAF,0,0,15
Nepal,NEP05,HEUR,PAPAF,0,0,15
Nepal,NEP06,HEUR,PAPAF,0,0,15
Nepal,NEP07,HEUR,PAPAF,0,0,15
Nepal,NEP08,HEUR,PAPAF,0,0,15
Nepal,NEP09,HEUR,PAPAF,0,0,15
Nepal,NEP10,HEUR,PAPAF,0,1,15
Nepal,NEP11,HEUR,PAPAF,0,0,15
Nepal,NEP12,HEUR,PAPAF,0,0,15
Nepal,NEP13,HEUR,PAPAF,0,4,15
Nepal,NEP14,HEUR,PAPAF,0,2,15
Nepal,NEP15,HEUR,PAPAF,0,2,15
Nepal,NEP16,HEUR,PAPAF,0,1,15
Nepal,NEP17,HEUR,PAPAF,1,0,15
Nepal,NEP18,HEUR,PAPAF,1,0,15
Nepal,NEP19,HEUR,PAPAF,3,0,15
Nepal,NEP20,HEUR,PAPAF,5,1,15
Nepal,NEP21,HEUR,PAPAF,0,1,15
Nepal,NEP22,HEUR,PAPAF,0,0,15
Nepal,NEP23,HEUR,PAPAF,0,1,15
Nepal,NEP24,HEUR,PAPAF,0,2,15
Nepal,NEP25,HEUR,PAPAF,0,0,15
Nepal,NEP26,HEUR,PAPAF,0,1,15
Nepal,NEP27,HEUR,PAPAF,0,0,15
Nepal,NEP28,HEUR,PAPAF,0,0,15
Nepal,NEP29,HEUR,PAPAF,0,0,15
Nepal,NEP30,HEUR,PAPAF,0,1,15
Nepal,NEP31,HEUR,PAPAF,0,0,15
Nepal,NEP32,HEUR,PAPAF,0,0,15
Nepal,NEP33,HEUR,PAPAF,0,3,15
Nepal,NEP34,HEUR,PAPAF,0,1,15
Nepal,NEP35,HEUR,PAPAF,0,1,15
Nepal,NEP36,HEUR,PAPAF,0,1,15
Nepal,NEP37,HEUR,PAPAF,0,0,15
Nepal,NEP38,HEUR,PAPAF,0,1,15
Nepal,NEP39,HEUR,PAPAF,0,1,15
Nepal,NEP40,HEUR,PAPAF,0,0,15
Nepal,NEP41,HEUR,PAPAF,0,3,15
Nepal,NEP42,HEUR,PAPAF,0,0,15
Nepal,NEP43,HEUR,PAPAF,0,0,15
Nepal,NEP44,HEUR,PAPAF,0,0,15
Nepal,NEP45,HEUR,PAPAF,0,0,15
Nepal,NEP46,HEUR,PAPAF,0,2,15
Nepal,NEP47,HEUR,PAPAF,0,4,15
Nepal,NEP48,HEUR,PAPAF,0,2,15
Nepal,NEP49,HEUR,PAPAF,0,3,15
Nepal,NEP50,HEUR,PAPAF,0,0,15
Nepal,NEP51,HEUR,PAPAF,0,1,15
Nepal,NEP52,HEUR,PAPAF,0,0,15
Nepal,NEP53,HEUR,PAPAF,0,1,15
Nepal,NEP54,HEUR,PAPAF,5,0,15
Nepal,NEP55,HEUR,PAPAF,0,0,15
Nepal,NEP56,HEUR,PAPAF,0,0,15
Nepal,NEP57,HEUR,PAPAF,1,0,15
Nepal,NEP58,HEUR,PAPAF,0,1,15
Nepal,NEP59,HEUR,PAPAF,0,0,15
Nepal,NEP60,HEUR,PAPAF,0,1,15
Nepal,NEP61,HEUR,PAPAF,0,1,15
Nepal,NEP62,HEUR,PAPAF,0,0,15
Nepal,NEP63,HEUR,PAPAF,0,0,15
Nepal,NEP64,HEUR,PAPAF,0,0,15
Nepal,NEP65,HEUR,PAPAF,0,0,15
Nepal,NEP66,HEUR,PAPAF,0,0,15
Nepal,NEP67,HEUR,PAPAF,0,1,15
Nepal,NEP68,HEUR,PAPAF,0,0,15
Nepal,NEP69,HEUR,PAPAF,0,0,15
Nepal,NEP70,HEUR,PAPAF,0,0,15
Nepal,NEP71,HEUR,PAPAF,0,1,15
Nepal,NEP72,HEUR,PAPAF,0,1,15
Nepal,NEP73,HEUR,PAPAF,0,1,15
Nepal,NEP74,HEUR,PAPAF,0,0,15
Nepal,NEP75,HEUR,PAPAF,0,1,15
Nepal,NEP76,HEUR,PAPAF,0,1,15
Nepal,NEP77,HEUR,PAPAF,0,0,15
Nepal,NEP78,HEUR,PAPAF,0,0,15
Nepal,NEP01,HEUR,PATIT,0,0,15
Nepal,NEP02,HEUR,PATIT,0,0,15
Nepal,NEP03,HEUR,PATIT,0,0,15
Nepal,NEP04,HEUR,PATIT,0,0,15
Nepal,NEP05,HEUR,PATIT,0,0,15
Nepal,NEP06,HEUR,PATIT,0,0,15
Nepal,NEP07,HEUR,PATIT,0,0,15
Nepal,NEP08,HEUR,PATIT,0,2,15
Nepal,NEP09,HEUR,PATIT,0,1,15
Nepal,NEP10,HEUR,PATIT,0,0,15
Nepal,NEP11,HEUR,PATIT,0,0,15
Nepal,NEP12,HEUR,PATIT,0,1,15
Nepal,NEP13,HEUR,PATIT,0,1,15
Nepal,NEP14,HEUR,PATIT,0,0,15
Nepal,NEP15,HEUR,PATIT,0,0,15
Nepal,NEP16,HEUR,PATIT,0,0,15
Nepal,NEP17,HEUR,PATIT,1,0,15
Nepal,NEP18,HEUR,PATIT,1,0,15
Nepal,NEP19,HEUR,PATIT,3,0,15
Nepal,NEP20,HEUR,PATIT,5,0,15
Nepal,NEP21,HEUR,PATIT,0,0,15
Nepal,NEP22,HEUR,PATIT,0,0,15
Nepal,NEP23,HEUR,PATIT,0,0,15
Nepal,NEP24,HEUR,PATIT,0,0,15
Nepal,NEP25,HEUR,PATIT,0,0,15
Nepal,NEP26,HEUR,PATIT,0,1,15
Nepal,NEP27,HEUR,PATIT,0,0,15
Nepal,NEP28,HEUR,PATIT,0,1,15
Nepal,NEP29,HEUR,PATIT,0,0,15
Nepal,NEP30,HEUR,PATIT,0,2,15
Nepal,NEP31,HEUR,PATIT,0,6,15
Nepal,NEP32,HEUR,PATIT,0,2,15
Nepal,NEP33,HEUR,PATIT,0,0,15
Nepal,NEP34,HEUR,PATIT,0,2,15
Nepal,NEP35,HEUR,PATIT,0,0,15
Nepal,NEP36,HEUR,PATIT,0,3,15
Nepal,NEP37,HEUR,PATIT,0,1,15
Nepal,NEP38,HEUR,PATIT,0,1,15
Nepal,NEP39,HEUR,PATIT,0,0,15
Nepal,NEP40,HEUR,PATIT,0,3,15
Nepal,NEP41,HEUR,PATIT,0,3,15
Nepal,NEP42,HEUR,PATIT,0,2,15
Nepal,NEP43,HEUR,PATIT,0,1,15
Nepal,NEP44,HEUR,PATIT,0,1,15
Nepal,NEP45,HEUR,PATIT,0,2,15
Nepal,NEP46,HEUR,PATIT,0,4,15
Nepal,NEP47,HEUR,PATIT,0,2,15
Nepal,NEP48,HEUR,PATIT,0,0,15
Nepal,NEP49,HEUR,PATIT,0,2,15
Nepal,NEP50,HEUR,PATIT,0,2,15
Nepal,NEP51,HEUR,PATIT,0,1,15
Nepal,NEP52,HEUR,PATIT,0,1,15
Nepal,NEP53,HEUR,PATIT,0,2,15
Nepal,NEP54,HEUR,PATIT,5,2,15
Nepal,NEP55,HEUR,PATIT,0,0,15
Nepal,NEP56,HEUR,PATIT,0,0,15
Nepal,NEP57,HEUR,PATIT,1,0,15
Nepal,NEP58,HEUR,PATIT,0,3,15
Nepal,NEP59,HEUR,PATIT,0,0,15
Nepal,NEP60,HEUR,PATIT,0,1,15
Nepal,NEP61,HEUR,PATIT,0,0,15
Nepal,NEP62,HEUR,PATIT,0,1,15
Nepal,NEP63,HEUR,PATIT,0,0,15
Nepal,NEP64,HEUR,PATIT,0,0,15
Nepal,NEP65,HEUR,PATIT,0,0,15
Nepal,NEP66,HEUR,PATIT,0,2,15
Nepal,NEP67,HEUR,PATIT,0,0,15
Nepal,NEP68,HEUR,PATIT,0,0,15
Nepal,NEP69,HEUR,PATIT,0,0,15
Nepal,NEP70,HEUR,PATIT,0,2,15
Nepal,NEP71,HEUR,PATIT,0,3,15
Nepal,NEP72,HEUR,PATIT,0,0,15
Nepal,NEP73,HEUR,PATIT,0,0,15
Nepal,NEP74,HEUR,PATIT,0,1,15
Nepal,NEP75,HEUR,PATIT,0,1,15
Nepal,NEP76,HEUR,PATIT,0,0,15
Nepal,NEP77,HEUR,PATIT,0,0,15
Nepal,NEP78,HEUR,PATIT,0,0,15
Nepal,NEP01,HEUR,PRBE,0,0,15
Nepal,NEP02,HEUR,PRBE,0,0,15
Nepal,NEP03,HEUR,PRBE,0,0,15
Nepal,NEP04,HEUR,PRBE,0,0,15
Nepal,NEP05,HEUR,PRBE,0,0,15
Nepal,NEP06,HEUR,PRBE,0,1,15
Nepal,NEP07,HEUR,PRBE,0,0,15
Nepal,NEP08,HEUR,PRBE,0,0,15
Nepal,NEP09,HEUR,PRBE,0,1,15
Nepal,NEP10,HEUR,PRBE,0,0,15
Nepal,NEP11,HEUR,PRBE,0,0,15
Nepal,NEP12,HEUR,PRBE,0,0,15
Nepal,NEP13,HEUR,PRBE,0,0,15
Nepal,NEP14,HEUR,PRBE,0,1,15
Nepal,NEP15,HEUR,PRBE,0,0,15
Nepal,NEP16,HEUR,PRBE,0,0,15
Nepal,NEP17,HEUR,PRBE,1,1,15
Nepal,NEP18,HEUR,PRBE,1,0,15
Nepal,NEP19,HEUR,PRBE,3,0,15
Nepal,NEP20,HEUR,PRBE,5,1,15
Nepal,NEP21,HEUR,PRBE,0,0,15
Nepal,NEP22,HEUR,PRBE,0,0,15
Nepal,NEP23,HEUR,PRBE,0,0,15
Nepal,NEP24,HEUR,PRBE,0,3,15
Nepal,NEP25,HEUR,PRBE,0,0,15
Nepal,NEP26,HEUR,PRBE,0,0,15
Nepal,NEP27,HEUR,PRBE,0,0,15
Nepal,NEP28,HEUR,PRBE,0,0,15
Nepal,NEP29,HEUR,PRBE,0,0,15
Nepal,NEP30,HEUR,PRBE,0,0,15
Nepal,NEP31,HEUR,PRBE,0,1,15
Nepal,NEP32,HEUR,PRBE,0,0,15
Nepal,NEP33,HEUR,PRBE,0,1,15
Nepal,NEP34,HEUR,PRBE,0,0,15
Nepal,NEP35,HEUR,PRBE,0,0,15
Nepal,NEP36,HEUR,PRBE,0,1,15
Nepal,NEP37,HEUR,PRBE,0,0,15
Nepal,NEP38,HEUR,PRBE,0,0,15
Nepal,NEP39,HEUR,PRBE,0,0,15
Nepal,NEP40,HEUR,PRBE,0,0,15
Nepal,NEP41,HEUR,PRBE,0,0,15
Nepal,NEP42,HEUR,PRBE,0,0,15
Nepal,NEP43,HEUR,PRBE,0,0,15
Nepal,NEP44,HEUR,PRBE,0,0,15
Nepal,NEP45,HEUR,PRBE,0,0,15
Nepal,NEP46,HEUR,PRBE,0,0,15
Nepal,NEP47,HEUR,PRBE,0,1,15
Nepal,NEP48,HEUR,PRBE,0,1,15
Nepal,NEP49,HEUR,PRBE,0,1,15
Nepal,NEP50,HEUR,PRBE,0,1,15
Nepal,NEP51,HEUR,PRBE,0,2,15
Nepal,NEP52,HEUR,PRBE,0,0,15
Nepal,NEP53,HEUR,PRBE,0,0,15
Nepal,NEP54,HEUR,PRBE,5,0,15
Nepal,NEP55,HEUR,PRBE,0,0,15
Nepal,NEP56,HEUR,PRBE,0,0,15
Nepal,NEP57,HEUR,PRBE,1,0,15
Nepal,NEP58,HEUR,PRBE,0,0,15
Nepal,NEP59,HEUR,PRBE,0,0,15
Nepal,NEP60,HEUR,PRBE,0,0,15
Nepal,NEP61,HEUR,PRBE,0,0,15
Nepal,NEP62,HEUR,PRBE,0,0,15
Nepal,NEP63,HEUR,PRBE,0,0,15
Nepal,NEP64,HEUR,PRBE,0,0,15
Nepal,NEP65,HEUR,PRBE,0,0,15
Nepal,NEP66,HEUR,PRBE,0,0,15
Nepal,NEP67,HEUR,PRBE,0,0,15
Nepal,NEP68,HEUR,PRBE,0,0,15
Nepal,NEP69,HEUR,PRBE,0,0,15
Nepal,NEP70,HEUR,PRBE,0,0,15
Nepal,NEP71,HEUR,PRBE,0,0,15
Nepal,NEP72,HEUR,PRBE,0,0,15
Nepal,NEP73,HEUR,PRBE,0,0,15
Nepal,NEP74,HEUR,PRBE,0,0,15
Nepal,NEP75,HEUR,PRBE,0,0,15
Nepal,NEP76,HEUR,PRBE,0,0,15
Nepal,NEP77,HEUR,PRBE,0,1,15
Nepal,NEP78,HEUR,PRBE,0,0,15
Nepal,NEP01,HEUR,VIIN,0,0,15
Nepal,NEP02,HEUR,VIIN,0,0,15
Nepal,NEP03,HEUR,VIIN,0,0,15
Nepal,NEP04,HEUR,VIIN,0,0,15
Nepal,NEP05,HEUR,VIIN,0,0,15
Nepal,NEP06,HEUR,VIIN,0,0,15
Nepal,NEP07,HEUR,VIIN,0,0,15
Nepal,NEP08,HEUR,VIIN,0,0,15
Nepal,NEP09,HEUR,VIIN,0,0,15
Nepal,NEP10,HEUR,VIIN,0,0,15
Nepal,NEP11,HEUR,VIIN,0,0,15
Nepal,NEP12,HEUR,VIIN,0,0,15
Nepal,NEP13,HEUR,VIIN,0,0,15
Nepal,NEP14,HEUR,VIIN,0,0,15
Nepal,NEP15,HEUR,VIIN,0,0,15
Nepal,NEP16,HEUR,VIIN,0,0,15
Nepal,NEP17,HEUR,VIIN,1,0,15
Nepal,NEP18,HEUR,VIIN,1,0,15
Nepal,NEP19,HEUR,VIIN,3,0,15
Nepal,NEP20,HEUR,VIIN,5,0,15
Nepal,NEP21,HEUR,VIIN,0,1,15
Nepal,NEP22,HEUR,VIIN,0,0,15
Nepal,NEP23,HEUR,VIIN,0,0,15
Nepal,NEP24,HEUR,VIIN,0,0,15
Nepal,NEP25,HEUR,VIIN,0,0,15
Nepal,NEP26,HEUR,VIIN,0,0,15
Nepal,NEP27,HEUR,VIIN,0,0,15
Nepal,NEP28,HEUR,VIIN,0,0,15
Nepal,NEP29,HEUR,VIIN,0,0,15
Nepal,NEP30,HEUR,VIIN,0,0,15
Nepal,NEP31,HEUR,VIIN,0,4,15
Nepal,NEP32,HEUR,VIIN,0,2,15
Nepal,NEP33,HEUR,VIIN,0,3,15
Nepal,NEP34,HEUR,VIIN,0,0,15
Nepal,NEP35,HEUR,VIIN,0,0,15
Nepal,NEP36,HEUR,VIIN,0,0,15
Nepal,NEP37,HEUR,VIIN,0,0,15
Nepal,NEP38,HEUR,VIIN,0,0,15
Nepal,NEP39,HEUR,VIIN,0,0,15
Nepal,NEP40,HEUR,VIIN,0,0,15
Nepal,NEP41,HEUR,VIIN,0,0,15
Nepal,NEP42,HEUR,VIIN,0,0,15
Nepal,NEP43,HEUR,VIIN,0,0,15
Nepal,NEP44,HEUR,VIIN,0,0,15
Nepal,NEP45,HEUR,VIIN,0,1,15
Nepal,NEP46,HEUR,VIIN,0,3,15
Nepal,NEP47,HEUR,VIIN,0,0,15
Nepal,NEP48,HEUR,VIIN,0,0,15
Nepal,NEP49,HEUR,VIIN,0,0,15
Nepal,NEP50,HEUR,VIIN,0,0,15
Nepal,NEP51,HEUR,VIIN,0,0,15
Nepal,NEP52,HEUR,VIIN,0,0,15
Nepal,NEP53,HEUR,VIIN,0,0,15
Nepal,NEP54,HEUR,VIIN,5,2,15
Nepal,NEP55,HEUR,VIIN,0,2,15
Nepal,NEP56,HEUR,VIIN,0,0,15
Nepal,NEP57,HEUR,VIIN,1,0,15
Nepal,NEP58,HEUR,VIIN,0,0,15
Nepal,NEP59,HEUR,VIIN,0,0,15
Nepal,NEP60,HEUR,VIIN,0,0,15
Nepal,NEP61,HEUR,VIIN,0,0,15
Nepal,NEP62,HEUR,VIIN,0,0,15
Nepal,NEP63,HEUR,VIIN,0,0,15
Nepal,NEP64,HEUR,VIIN,0,0,15
Nepal,NEP65,HEUR,VIIN,0,0,15
Nepal,NEP66,HEUR,VIIN,0,0,15
Nepal,NEP67,HEUR,VIIN,0,0,15
Nepal,NEP68,HEUR,VIIN,0,0,15
Nepal,NEP69,HEUR,VIIN,0,0,15
Nepal,NEP70,HEUR,VIIN,0,2,15
Nepal,NEP71,HEUR,VIIN,0,1,15
Nepal,NEP72,HEUR,VIIN,0,0,15
Nepal,NEP73,HEUR,VIIN,0,0,15
Nepal,NEP74,HEUR,VIIN,0,0,15
Nepal,NEP75,HEUR,VIIN,0,0,15
Nepal,NEP76,HEUR,VIIN,0,0,15
Nepal,NEP77,HEUR,VIIN,0,1,15
Nepal,NEP78,HEUR,VIIN,0,0,15
Nepal,NEP01,HEUR,VIZI,0,2,15
Nepal,NEP02,HEUR,VIZI,0,0,15
Nepal,NEP03,HEUR,VIZI,0,0,15
Nepal,NEP04,HEUR,VIZI,0,0,15
Nepal,NEP05,HEUR,VIZI,0,0,15
Nepal,NEP06,HEUR,VIZI,0,0,15
Nepal,NEP07,HEUR,VIZI,0,0,15
Nepal,NEP08,HEUR,VIZI,0,1,15
Nepal,NEP09,HEUR,VIZI,0,0,15
Nepal,NEP10,HEUR,VIZI,0,1,15
Nepal,NEP11,HEUR,VIZI,0,0,15
Nepal,NEP12,HEUR,VIZI,0,0,15
Nepal,NEP13,HEUR,VIZI,0,0,15
Nepal,NEP14,HEUR,VIZI,0,1,15
Nepal,NEP15,HEUR,VIZI,0,0,15
Nepal,NEP16,HEUR,VIZI,0,0,15
Nepal,NEP17,HEUR,VIZI,1,3,15
Nepal,NEP18,HEUR,VIZI,1,0,15
Nepal,NEP19,HEUR,VIZI,3,1,15
Nepal,NEP20,HEUR,VIZI,5,0,15
Nepal,NEP21,HEUR,VIZI,0,0,15
Nepal,NEP22,HEUR,VIZI,0,0,15
Nepal,NEP23,HEUR,VIZI,0,0,15
Nepal,NEP24,HEUR,VIZI,0,0,15
Nepal,NEP25,HEUR,VIZI,0,0,15
Nepal,NEP26,HEUR,VIZI,0,0,15
Nepal,NEP27,HEUR,VIZI,0,0,15
Nepal,NEP28,HEUR,VIZI,0,1,15
Nepal,NEP29,HEUR,VIZI,0,0,15
Nepal,NEP30,HEUR,VIZI,0,0,15
Nepal,NEP31,HEUR,VIZI,0,0,15
Nepal,NEP32,HEUR,VIZI,0,0,15
Nepal,NEP33,HEUR,VIZI,0,0,15
Nepal,NEP34,HEUR,VIZI,0,0,15
Nepal,NEP35,HEUR,VIZI,0,0,15
Nepal,NEP36,HEUR,VIZI,0,0,15
Nepal,NEP37,HEUR,VIZI,0,1,15
Nepal,NEP38,HEUR,VIZI,0,0,15
Nepal,NEP39,HEUR,VIZI,0,0,15
Nepal,NEP40,HEUR,VIZI,0,2,15
Nepal,NEP41,HEUR,VIZI,0,2,15
Nepal,NEP42,HEUR,VIZI,0,0,15
Nepal,NEP43,HEUR,VIZI,0,0,15
Nepal,NEP44,HEUR,VIZI,0,0,15
Nepal,NEP45,HEUR,VIZI,0,1,15
Nepal,NEP46,HEUR,VIZI,0,0,15
Nepal,NEP47,HEUR,VIZI,0,0,15
Nepal,NEP48,HEUR,VIZI,0,3,15
Nepal,NEP49,HEUR,VIZI,0,2,15
Nepal,NEP50,HEUR,VIZI,0,5,15
Nepal,NEP51,HEUR,VIZI,0,7,15
Nepal,NEP52,HEUR,VIZI,0,1,15
Nepal,NEP53,HEUR,VIZI,0,1,15
Nepal,NEP54,HEUR,VIZI,5,3,15
Nepal,NEP55,HEUR,VIZI,0,0,15
Nepal,NEP56,HEUR,VIZI,0,0,15
Nepal,NEP57,HEUR,VIZI,1,0,15
Nepal,NEP58,HEUR,VIZI,0,0,15
Nepal,NEP59,HEUR,VIZI,0,0,15
Nepal,NEP60,HEUR,VIZI,0,0,15
Nepal,NEP61,HEUR,VIZI,0,0,15
Nepal,NEP62,HEUR,VIZI,0,0,15
Nepal,NEP63,HEUR,VIZI,0,0,15
Nepal,NEP64,HEUR,VIZI,0,0,15
Nepal,NEP65,HEUR,VIZI,0,0,15
Nepal,NEP66,HEUR,VIZI,0,0,15
Nepal,NEP67,HEUR,VIZI,0,0,15
Nepal,NEP68,HEUR,VIZI,0,0,15
Nepal,NEP69,HEUR,VIZI,0,0,15
Nepal,NEP70,HEUR,VIZI,0,0,15
Nepal,NEP71,HEUR,VIZI,0,0,15
Nepal,NEP72,HEUR,VIZI,0,0,15
Nepal,NEP73,HEUR,VIZI,0,0,15
Nepal,NEP74,HEUR,VIZI,0,0,15
Nepal,NEP75,HEUR,VIZI,0,1,15
Nepal,NEP76,HEUR,VIZI,0,0,15
Nepal,NEP77,HEUR,VIZI,0,0,15
Nepal,NEP78,HEUR,VIZI,0,0,15
Nepal,NEP01,PAPAF,PATIT,0,0,15
Nepal,NEP02,PAPAF,PATIT,2,0,15
Nepal,NEP03,PAPAF,PATIT,0,0,15
Nepal,NEP04,PAPAF,PATIT,0,0,15
Nepal,NEP05,PAPAF,PATIT,0,0,15
Nepal,NEP06,PAPAF,PATIT,0,0,15
Nepal,NEP07,PAPAF,PATIT,0,0,15
Nepal,NEP08,PAPAF,PATIT,0,2,15
Nepal,NEP09,PAPAF,PATIT,0,1,15
Nepal,NEP10,PAPAF,PATIT,1,0,15
Nepal,NEP11,PAPAF,PATIT,0,0,15
Nepal,NEP12,PAPAF,PATIT,0,1,15
Nepal,NEP13,PAPAF,PATIT,4,1,15
Nepal,NEP14,PAPAF,PATIT,2,0,15
Nepal,NEP15,PAPAF,PATIT,2,0,15
Nepal,NEP16,PAPAF,PATIT,1,0,15
Nepal,NEP17,PAPAF,PATIT,0,0,15
Nepal,NEP18,PAPAF,PATIT,0,0,15
Nepal,NEP19,PAPAF,PATIT,0,0,15
Nepal,NEP20,PAPAF,PATIT,1,0,15
Nepal,NEP21,PAPAF,PATIT,1,0,15
Nepal,NEP22,PAPAF,PATIT,0,0,15
Nepal,NEP23,PAPAF,PATIT,1,0,15
Nepal,NEP24,PAPAF,PATIT,2,0,15
Nepal,NEP25,PAPAF,PATIT,0,0,15
Nepal,NEP26,PAPAF,PATIT,1,1,15
Nepal,NEP27,PAPAF,PATIT,0,0,15
Nepal,NEP28,PAPAF,PATIT,0,1,15
Nepal,NEP29,PAPAF,PATIT,0,0,15
Nepal,NEP30,PAPAF,PATIT,1,2,15
Nepal,NEP31,PAPAF,PATIT,0,6,15
Nepal,NEP32,PAPAF,PATIT,0,2,15
Nepal,NEP33,PAPAF,PATIT,3,0,15
Nepal,NEP34,PAPAF,PATIT,1,2,15
Nepal,NEP35,PAPAF,PATIT,1,0,15
Nepal,NEP36,PAPAF,PATIT,1,3,15
Nepal,NEP37,PAPAF,PATIT,0,1,15
Nepal,NEP38,PAPAF,PATIT,1,1,15
Nepal,NEP39,PAPAF,PATIT,1,0,15
Nepal,NEP40,PAPAF,PATIT,0,3,15
Nepal,NEP41,PAPAF,PATIT,3,3,15
Nepal,NEP42,PAPAF,PATIT,0,2,15
Nepal,NEP43,PAPAF,PATIT,0,1,15
Nepal,NEP44,PAPAF,PATIT,0,1,15
Nepal,NEP45,PAPAF,PATIT,0,2,15
Nepal,NEP46,PAPAF,PATIT,2,4,15
Nepal,NEP47,PAPAF,PATIT,4,2,15
Nepal,NEP48,PAPAF,PATIT,2,0,15
Nepal,NEP49,PAPAF,PATIT,3,2,15
Nepal,NEP50,PAPAF,PATIT,0,2,15
Nepal,NEP51,PAPAF,PATIT,1,1,15
Nepal,NEP52,PAPAF,PATIT,0,1,15
Nepal,NEP53,PAPAF,PATIT,1,2,15
Nepal,NEP54,PAPAF,PATIT,0,2,15
Nepal,NEP55,PAPAF,PATIT,0,0,15
Nepal,NEP56,PAPAF,PATIT,0,0,15
Nepal,NEP57,PAPAF,PATIT,0,0,15
Nepal,NEP58,PAPAF,PATIT,1,3,15
Nepal,NEP59,PAPAF,PATIT,0,0,15
Nepal,NEP60,PAPAF,PATIT,1,1,15
Nepal,NEP61,PAPAF,PATIT,1,0,15
Nepal,NEP62,PAPAF,PATIT,0,1,15
Nepal,NEP63,PAPAF,PATIT,0,0,15
Nepal,NEP64,PAPAF,PATIT,0,0,15
Nepal,NEP65,PAPAF,PATIT,0,0,15
Nepal,NEP66,PAPAF,PATIT,0,2,15
Nepal,NEP67,PAPAF,PATIT,1,0,15
Nepal,NEP68,PAPAF,PATIT,0,0,15
Nepal,NEP69,PAPAF,PATIT,0,0,15
Nepal,NEP70,PAPAF,PATIT,0,2,15
Nepal,NEP71,PAPAF,PATIT,1,3,15
Nepal,NEP72,PAPAF,PATIT,1,0,15
Nepal,NEP73,PAPAF,PATIT,1,0,15
Nepal,NEP74,PAPAF,PATIT,0,1,15
Nepal,NEP75,PAPAF,PATIT,1,1,15
Nepal,NEP76,PAPAF,PATIT,1,0,15
Nepal,NEP77,PAPAF,PATIT,0,0,15
Nepal,NEP78,PAPAF,PATIT,0,0,15
Nepal,NEP01,PAPAF,PRBE,0,0,15
Nepal,NEP02,PAPAF,PRBE,2,0,15
Nepal,NEP03,PAPAF,PRBE,0,0,15
Nepal,NEP04,PAPAF,PRBE,0,0,15
Nepal,NEP05,PAPAF,PRBE,0,0,15
Nepal,NEP06,PAPAF,PRBE,0,1,15
Nepal,NEP07,PAPAF,PRBE,0,0,15
Nepal,NEP08,PAPAF,PRBE,0,0,15
Nepal,NEP09,PAPAF,PRBE,0,1,15
Nepal,NEP10,PAPAF,PRBE,1,0,15
Nepal,NEP11,PAPAF,PRBE,0,0,15
Nepal,NEP12,PAPAF,PRBE,0,0,15
Nepal,NEP13,PAPAF,PRBE,4,0,15
Nepal,NEP14,PAPAF,PRBE,2,1,15
Nepal,NEP15,PAPAF,PRBE,2,0,15
Nepal,NEP16,PAPAF,PRBE,1,0,15
Nepal,NEP17,PAPAF,PRBE,0,1,15
Nepal,NEP18,PAPAF,PRBE,0,0,15
Nepal,NEP19,PAPAF,PRBE,0,0,15
Nepal,NEP20,PAPAF,PRBE,1,1,15
Nepal,NEP21,PAPAF,PRBE,1,0,15
Nepal,NEP22,PAPAF,PRBE,0,0,15
Nepal,NEP23,PAPAF,PRBE,1,0,15
Nepal,NEP24,PAPAF,PRBE,2,3,15
Nepal,NEP25,PAPAF,PRBE,0,0,15
Nepal,NEP26,PAPAF,PRBE,1,0,15
Nepal,NEP27,PAPAF,PRBE,0,0,15
Nepal,NEP28,PAPAF,PRBE,0,0,15
Nepal,NEP29,PAPAF,PRBE,0,0,15
Nepal,NEP30,PAPAF,PRBE,1,0,15
Nepal,NEP31,PAPAF,PRBE,0,1,15
Nepal,NEP32,PAPAF,PRBE,0,0,15
Nepal,NEP33,PAPAF,PRBE,3,1,15
Nepal,NEP34,PAPAF,PRBE,1,0,15
Nepal,NEP35,PAPAF,PRBE,1,0,15
Nepal,NEP36,PAPAF,PRBE,1,1,15
Nepal,NEP37,PAPAF,PRBE,0,0,15
Nepal,NEP38,PAPAF,PRBE,1,0,15
Nepal,NEP39,PAPAF,PRBE,1,0,15
Nepal,NEP40,PAPAF,PRBE,0,0,15
Nepal,NEP41,PAPAF,PRBE,3,0,15
Nepal,NEP42,PAPAF,PRBE,0,0,15
Nepal,NEP43,PAPAF,PRBE,0,0,15
Nepal,NEP44,PAPAF,PRBE,0,0,15
Nepal,NEP45,PAPAF,PRBE,0,0,15
Nepal,NEP46,PAPAF,PRBE,2,0,15
Nepal,NEP47,PAPAF,PRBE,4,1,15
Nepal,NEP48,PAPAF,PRBE,2,1,15
Nepal,NEP49,PAPAF,PRBE,3,1,15
Nepal,NEP50,PAPAF,PRBE,0,1,15
Nepal,NEP51,PAPAF,PRBE,1,2,15
Nepal,NEP52,PAPAF,PRBE,0,0,15
Nepal,NEP53,PAPAF,PRBE,1,0,15
Nepal,NEP54,PAPAF,PRBE,0,0,15
Nepal,NEP55,PAPAF,PRBE,0,0,15
Nepal,NEP56,PAPAF,PRBE,0,0,15
Nepal,NEP57,PAPAF,PRBE,0,0,15
Nepal,NEP58,PAPAF,PRBE,1,0,15
Nepal,NEP59,PAPAF,PRBE,0,0,15
Nepal,NEP60,PAPAF,PRBE,1,0,15
Nepal,NEP61,PAPAF,PRBE,1,0,15
Nepal,NEP62,PAPAF,PRBE,0,0,15
Nepal,NEP63,PAPAF,PRBE,0,0,15
Nepal,NEP64,PAPAF,PRBE,0,0,15
Nepal,NEP65,PAPAF,PRBE,0,0,15
Nepal,NEP66,PAPAF,PRBE,0,0,15
Nepal,NEP67,PAPAF,PRBE,1,0,15
Nepal,NEP68,PAPAF,PRBE,0,0,15
Nepal,NEP69,PAPAF,PRBE,0,0,15
Nepal,NEP70,PAPAF,PRBE,0,0,15
Nepal,NEP71,PAPAF,PRBE,1,0,15
Nepal,NEP72,PAPAF,PRBE,1,0,15
Nepal,NEP73,PAPAF,PRBE,1,0,15
Nepal,NEP74,PAPAF,PRBE,0,0,15
Nepal,NEP75,PAPAF,PRBE,1,0,15
Nepal,NEP76,PAPAF,PRBE,1,0,15
Nepal,NEP77,PAPAF,PRBE,0,1,15
Nepal,NEP78,PAPAF,PRBE,0,0,15
Nepal,NEP01,PAPAF,VIIN,0,0,15
Nepal,NEP02,PAPAF,VIIN,2,0,15
Nepal,NEP03,PAPAF,VIIN,0,0,15
Nepal,NEP04,PAPAF,VIIN,0,0,15
Nepal,NEP05,PAPAF,VIIN,0,0,15
Nepal,NEP06,PAPAF,VIIN,0,0,15
Nepal,NEP07,PAPAF,VIIN,0,0,15
Nepal,NEP08,PAPAF,VIIN,0,0,15
Nepal,NEP09,PAPAF,VIIN,0,0,15
Nepal,NEP10,PAPAF,VIIN,1,0,15
Nepal,NEP11,PAPAF,VIIN,0,0,15
Nepal,NEP12,PAPAF,VIIN,0,0,15
Nepal,NEP13,PAPAF,VIIN,4,0,15
Nepal,NEP14,PAPAF,VIIN,2,0,15
Nepal,NEP15,PAPAF,VIIN,2,0,15
Nepal,NEP16,PAPAF,VIIN,1,0,15
Nepal,NEP17,PAPAF,VIIN,0,0,15
Nepal,NEP18,PAPAF,VIIN,0,0,15
Nepal,NEP19,PAPAF,VIIN,0,0,15
Nepal,NEP20,PAPAF,VIIN,1,0,15
Nepal,NEP21,PAPAF,VIIN,1,1,15
Nepal,NEP22,PAPAF,VIIN,0,0,15
Nepal,NEP23,PAPAF,VIIN,1,0,15
Nepal,NEP24,PAPAF,VIIN,2,0,15
Nepal,NEP25,PAPAF,VIIN,0,0,15
Nepal,NEP26,PAPAF,VIIN,1,0,15
Nepal,NEP27,PAPAF,VIIN,0,0,15
Nepal,NEP28,PAPAF,VIIN,0,0,15
Nepal,NEP29,PAPAF,VIIN,0,0,15
Nepal,NEP30,PAPAF,VIIN,1,0,15
Nepal,NEP31,PAPAF,VIIN,0,4,15
Nepal,NEP32,PAPAF,VIIN,0,2,15
Nepal,NEP33,PAPAF,VIIN,3,3,15
Nepal,NEP34,PAPAF,VIIN,1,0,15
Nepal,NEP35,PAPAF,VIIN,1,0,15
Nepal,NEP36,PAPAF,VIIN,1,0,15
Nepal,NEP37,PAPAF,VIIN,0,0,15
Nepal,NEP38,PAPAF,VIIN,1,0,15
Nepal,NEP39,PAPAF,VIIN,1,0,15
Nepal,NEP40,PAPAF,VIIN,0,0,15
Nepal,NEP41,PAPAF,VIIN,3,0,15
Nepal,NEP42,PAPAF,VIIN,0,0,15
Nepal,NEP43,PAPAF,VIIN,0,0,15
Nepal,NEP44,PAPAF,VIIN,0,0,15
Nepal,NEP45,PAPAF,VIIN,0,1,15
Nepal,NEP46,PAPAF,VIIN,2,3,15
Nepal,NEP47,PAPAF,VIIN,4,0,15
Nepal,NEP48,PAPAF,VIIN,2,0,15
Nepal,NEP49,PAPAF,VIIN,3,0,15
Nepal,NEP50,PAPAF,VIIN,0,0,15
Nepal,NEP51,PAPAF,VIIN,1,0,15
Nepal,NEP52,PAPAF,VIIN,0,0,15
Nepal,NEP53,PAPAF,VIIN,1,0,15
Nepal,NEP54,PAPAF,VIIN,0,2,15
Nepal,NEP55,PAPAF,VIIN,0,2,15
Nepal,NEP56,PAPAF,VIIN,0,0,15
Nepal,NEP57,PAPAF,VIIN,0,0,15
Nepal,NEP58,PAPAF,VIIN,1,0,15
Nepal,NEP59,PAPAF,VIIN,0,0,15
Nepal,NEP60,PAPAF,VIIN,1,0,15
Nepal,NEP61,PAPAF,VIIN,1,0,15
Nepal,NEP62,PAPAF,VIIN,0,0,15
Nepal,NEP63,PAPAF,VIIN,0,0,15
Nepal,NEP64,PAPAF,VIIN,0,0,15
Nepal,NEP65,PAPAF,VIIN,0,0,15
Nepal,NEP66,PAPAF,VIIN,0,0,15
Nepal,NEP67,PAPAF,VIIN,1,0,15
Nepal,NEP68,PAPAF,VIIN,0,0,15
Nepal,NEP69,PAPAF,VIIN,0,0,15
Nepal,NEP70,PAPAF,VIIN,0,2,15
Nepal,NEP71,PAPAF,VIIN,1,1,15
Nepal,NEP72,PAPAF,VIIN,1,0,15
Nepal,NEP73,PAPAF,VIIN,1,0,15
Nepal,NEP74,PAPAF,VIIN,0,0,15
Nepal,NEP75,PAPAF,VIIN,1,0,15
Nepal,NEP76,PAPAF,VIIN,1,0,15
Nepal,NEP77,PAPAF,VIIN,0,1,15
Nepal,NEP78,PAPAF,VIIN,0,0,15
Nepal,NEP01,PAPAF,VIZI,0,2,15
Nepal,NEP02,PAPAF,VIZI,2,0,15
Nepal,NEP03,PAPAF,VIZI,0,0,15
Nepal,NEP04,PAPAF,VIZI,0,0,15
Nepal,NEP05,PAPAF,VIZI,0,0,15
Nepal,NEP06,PAPAF,VIZI,0,0,15
Nepal,NEP07,PAPAF,VIZI,0,0,15
Nepal,NEP08,PAPAF,VIZI,0,1,15
Nepal,NEP09,PAPAF,VIZI,0,0,15
Nepal,NEP10,PAPAF,VIZI,1,1,15
Nepal,NEP11,PAPAF,VIZI,0,0,15
Nepal,NEP12,PAPAF,VIZI,0,0,15
Nepal,NEP13,PAPAF,VIZI,4,0,15
Nepal,NEP14,PAPAF,VIZI,2,1,15
Nepal,NEP15,PAPAF,VIZI,2,0,15
Nepal,NEP16,PAPAF,VIZI,1,0,15
Nepal,NEP17,PAPAF,VIZI,0,3,15
Nepal,NEP18,PAPAF,VIZI,0,0,15
Nepal,NEP19,PAPAF,VIZI,0,1,15
Nepal,NEP20,PAPAF,VIZI,1,0,15
Nepal,NEP21,PAPAF,VIZI,1,0,15
Nepal,NEP22,PAPAF,VIZI,0,0,15
Nepal,NEP23,PAPAF,VIZI,1,0,15
Nepal,NEP24,PAPAF,VIZI,2,0,15
Nepal,NEP25,PAPAF,VIZI,0,0,15
Nepal,NEP26,PAPAF,VIZI,1,0,15
Nepal,NEP27,PAPAF,VIZI,0,0,15
Nepal,NEP28,PAPAF,VIZI,0,1,15
Nepal,NEP29,PAPAF,VIZI,0,0,15
Nepal,NEP30,PAPAF,VIZI,1,0,15
Nepal,NEP31,PAPAF,VIZI,0,0,15
Nepal,NEP32,PAPAF,VIZI,0,0,15
Nepal,NEP33,PAPAF,VIZI,3,0,15
Nepal,NEP34,PAPAF,VIZI,1,0,15
Nepal,NEP35,PAPAF,VIZI,1,0,15
Nepal,NEP36,PAPAF,VIZI,1,0,15
Nepal,NEP37,PAPAF,VIZI,0,1,15
Nepal,NEP38,PAPAF,VIZI,1,0,15
Nepal,NEP39,PAPAF,VIZI,1,0,15
Nepal,NEP40,PAPAF,VIZI,0,2,15
Nepal,NEP41,PAPAF,VIZI,3,2,15
Nepal,NEP42,PAPAF,VIZI,0,0,15
Nepal,NEP43,PAPAF,VIZI,0,0,15
Nepal,NEP44,PAPAF,VIZI,0,0,15
Nepal,NEP45,PAPAF,VIZI,0,1,15
Nepal,NEP46,PAPAF,VIZI,2,0,15
Nepal,NEP47,PAPAF,VIZI,4,0,15
Nepal,NEP48,PAPAF,VIZI,2,3,15
Nepal,NEP49,PAPAF,VIZI,3,2,15
Nepal,NEP50,PAPAF,VIZI,0,5,15
Nepal,NEP51,PAPAF,VIZI,1,7,15
Nepal,NEP52,PAPAF,VIZI,0,1,15
Nepal,NEP53,PAPAF,VIZI,1,1,15
Nepal,NEP54,PAPAF,VIZI,0,3,15
Nepal,NEP55,PAPAF,VIZI,0,0,15
Nepal,NEP56,PAPAF,VIZI,0,0,15
Nepal,NEP57,PAPAF,VIZI,0,0,15
Nepal,NEP58,PAPAF,VIZI,1,0,15
Nepal,NEP59,PAPAF,VIZI,0,0,15
Nepal,NEP60,PAPAF,VIZI,1,0,15
Nepal,NEP61,PAPAF,VIZI,1,0,15
Nepal,NEP62,PAPAF,VIZI,0,0,15
Nepal,NEP63,PAPAF,VIZI,0,0,15
Nepal,NEP64,PAPAF,VIZI,0,0,15
Nepal,NEP65,PAPAF,VIZI,0,0,15
Nepal,NEP66,PAPAF,VIZI,0,0,15
Nepal,NEP67,PAPAF,VIZI,1,0,15
Nepal,NEP68,PAPAF,VIZI,0,0,15
Nepal,NEP69,PAPAF,VIZI,0,0,15
Nepal,NEP70,PAPAF,VIZI,0,0,15
Nepal,NEP71,PAPAF,VIZI,1,0,15
Nepal,NEP72,PAPAF,VIZI,1,0,15
Nepal,NEP73,PAPAF,VIZI,1,0,15
Nepal,NEP74,PAPAF,VIZI,0,0,15
Nepal,NEP75,PAPAF,VIZI,1,1,15
Nepal,NEP76,PAPAF,VIZI,1,0,15
Nepal,NEP77,PAPAF,VIZI,0,0,15
Nepal,NEP78,PAPAF,VIZI,0,0,15
Nepal,NEP01,PATIT,PRBE,0,0,15
Nepal,NEP02,PATIT,PRBE,0,0,15
Nepal,NEP03,PATIT,PRBE,0,0,15
Nepal,NEP04,PATIT,PRBE,0,0,15
Nepal,NEP05,PATIT,PRBE,0,0,15
Nepal,NEP06,PATIT,PRBE,0,1,15
Nepal,NEP07,PATIT,PRBE,0,0,15
Nepal,NEP08,PATIT,PRBE,2,0,15
Nepal,NEP09,PATIT,PRBE,1,1,15
Nepal,NEP10,PATIT,PRBE,0,0,15
Nepal,NEP11,PATIT,PRBE,0,0,15
Nepal,NEP12,PATIT,PRBE,1,0,15
Nepal,NEP13,PATIT,PRBE,1,0,15
Nepal,NEP14,PATIT,PRBE,0,1,15
Nepal,NEP15,PATIT,PRBE,0,0,15
Nepal,NEP16,PATIT,PRBE,0,0,15
Nepal,NEP17,PATIT,PRBE,0,1,15
Nepal,NEP18,PATIT,PRBE,0,0,15
Nepal,NEP19,PATIT,PRBE,0,0,15
Nepal,NEP20,PATIT,PRBE,0,1,15
Nepal,NEP21,PATIT,PRBE,0,0,15
Nepal,NEP22,PATIT,PRBE,0,0,15
Nepal,NEP23,PATIT,PRBE,0,0,15
Nepal,NEP24,PATIT,PRBE,0,3,15
Nepal,NEP25,PATIT,PRBE,0,0,15
Nepal,NEP26,PATIT,PRBE,1,0,15
Nepal,NEP27,PATIT,PRBE,0,0,15
Nepal,NEP28,PATIT,PRBE,1,0,15
Nepal,NEP29,PATIT,PRBE,0,0,15
Nepal,NEP30,PATIT,PRBE,2,0,15
Nepal,NEP31,PATIT,PRBE,6,1,15
Nepal,NEP32,PATIT,PRBE,2,0,15
Nepal,NEP33,PATIT,PRBE,0,1,15
Nepal,NEP34,PATIT,PRBE,2,0,15
Nepal,NEP35,PATIT,PRBE,0,0,15
Nepal,NEP36,PATIT,PRBE,3,1,15
Nepal,NEP37,PATIT,PRBE,1,0,15
Nepal,NEP38,PATIT,PRBE,1,0,15
Nepal,NEP39,PATIT,PRBE,0,0,15
Nepal,NEP40,PATIT,PRBE,3,0,15
Nepal,NEP41,PATIT,PRBE,3,0,15
Nepal,NEP42,PATIT,PRBE,2,0,15
Nepal,NEP43,PATIT,PRBE,1,0,15
Nepal,NEP44,PATIT,PRBE,1,0,15
Nepal,NEP45,PATIT,PRBE,2,0,15
Nepal,NEP46,PATIT,PRBE,4,0,15
Nepal,NEP47,PATIT,PRBE,2,1,15
Nepal,NEP48,PATIT,PRBE,0,1,15
Nepal,NEP49,PATIT,PRBE,2,1,15
Nepal,NEP50,PATIT,PRBE,2,1,15
Nepal,NEP51,PATIT,PRBE,1,2,15
Nepal,NEP52,PATIT,PRBE,1,0,15
Nepal,NEP53,PATIT,PRBE,2,0,15
Nepal,NEP54,PATIT,PRBE,2,0,15
Nepal,NEP55,PATIT,PRBE,0,0,15
Nepal,NEP56,PATIT,PRBE,0,0,15
Nepal,NEP57,PATIT,PRBE,0,0,15
Nepal,NEP58,PATIT,PRBE,3,0,15
Nepal,NEP59,PATIT,PRBE,0,0,15
Nepal,NEP60,PATIT,PRBE,1,0,15
Nepal,NEP61,PATIT,PRBE,0,0,15
Nepal,NEP62,PATIT,PRBE,1,0,15
Nepal,NEP63,PATIT,PRBE,0,0,15
Nepal,NEP64,PATIT,PRBE,0,0,15
Nepal,NEP65,PATIT,PRBE,0,0,15
Nepal,NEP66,PATIT,PRBE,2,0,15
Nepal,NEP67,PATIT,PRBE,0,0,15
Nepal,NEP68,PATIT,PRBE,0,0,15
Nepal,NEP69,PATIT,PRBE,0,0,15
Nepal,NEP70,PATIT,PRBE,2,0,15
Nepal,NEP71,PATIT,PRBE,3,0,15
Nepal,NEP72,PATIT,PRBE,0,0,15
Nepal,NEP73,PATIT,PRBE,0,0,15
Nepal,NEP74,PATIT,PRBE,1,0,15
Nepal,NEP75,PATIT,PRBE,1,0,15
Nepal,NEP76,PATIT,PRBE,0,0,15
Nepal,NEP77,PATIT,PRBE,0,1,15
Nepal,NEP78,PATIT,PRBE,0,0,15
Nepal,NEP01,PATIT,VIIN,0,0,15
Nepal,NEP02,PATIT,VIIN,0,0,15
Nepal,NEP03,PATIT,VIIN,0,0,15
Nepal,NEP04,PATIT,VIIN,0,0,15
Nepal,NEP05,PATIT,VIIN,0,0,15
Nepal,NEP06,PATIT,VIIN,0,0,15
Nepal,NEP07,PATIT,VIIN,0,0,15
Nepal,NEP08,PATIT,VIIN,2,0,15
Nepal,NEP09,PATIT,VIIN,1,0,15
Nepal,NEP10,PATIT,VIIN,0,0,15
Nepal,NEP11,PATIT,VIIN,0,0,15
Nepal,NEP12,PATIT,VIIN,1,0,15
Nepal,NEP13,PATIT,VIIN,1,0,15
Nepal,NEP14,PATIT,VIIN,0,0,15
Nepal,NEP15,PATIT,VIIN,0,0,15
Nepal,NEP16,PATIT,VIIN,0,0,15
Nepal,NEP17,PATIT,VIIN,0,0,15
Nepal,NEP18,PATIT,VIIN,0,0,15
Nepal,NEP19,PATIT,VIIN,0,0,15
Nepal,NEP20,PATIT,VIIN,0,0,15
Nepal,NEP21,PATIT,VIIN,0,1,15
Nepal,NEP22,PATIT,VIIN,0,0,15
Nepal,NEP23,PATIT,VIIN,0,0,15
Nepal,NEP24,PATIT,VIIN,0,0,15
Nepal,NEP25,PATIT,VIIN,0,0,15
Nepal,NEP26,PATIT,VIIN,1,0,15
Nepal,NEP27,PATIT,VIIN,0,0,15
Nepal,NEP28,PATIT,VIIN,1,0,15
Nepal,NEP29,PATIT,VIIN,0,0,15
Nepal,NEP30,PATIT,VIIN,2,0,15
Nepal,NEP31,PATIT,VIIN,6,4,15
Nepal,NEP32,PATIT,VIIN,2,2,15
Nepal,NEP33,PATIT,VIIN,0,3,15
Nepal,NEP34,PATIT,VIIN,2,0,15
Nepal,NEP35,PATIT,VIIN,0,0,15
Nepal,NEP36,PATIT,VIIN,3,0,15
Nepal,NEP37,PATIT,VIIN,1,0,15
Nepal,NEP38,PATIT,VIIN,1,0,15
Nepal,NEP39,PATIT,VIIN,0,0,15
Nepal,NEP40,PATIT,VIIN,3,0,15
Nepal,NEP41,PATIT,VIIN,3,0,15
Nepal,NEP42,PATIT,VIIN,2,0,15
Nepal,NEP43,PATIT,VIIN,1,0,15
Nepal,NEP44,PATIT,VIIN,1,0,15
Nepal,NEP45,PATIT,VIIN,2,1,15
Nepal,NEP46,PATIT,VIIN,4,3,15
Nepal,NEP47,PATIT,VIIN,2,0,15
Nepal,NEP48,PATIT,VIIN,0,0,15
Nepal,NEP49,PATIT,VIIN,2,0,15
Nepal,NEP50,PATIT,VIIN,2,0,15
Nepal,NEP51,PATIT,VIIN,1,0,15
Nepal,NEP52,PATIT,VIIN,1,0,15
Nepal,NEP53,PATIT,VIIN,2,0,15
Nepal,NEP54,PATIT,VIIN,2,2,15
Nepal,NEP55,PATIT,VIIN,0,2,15
Nepal,NEP56,PATIT,VIIN,0,0,15
Nepal,NEP57,PATIT,VIIN,0,0,15
Nepal,NEP58,PATIT,VIIN,3,0,15
Nepal,NEP59,PATIT,VIIN,0,0,15
Nepal,NEP60,PATIT,VIIN,1,0,15
Nepal,NEP61,PATIT,VIIN,0,0,15
Nepal,NEP62,PATIT,VIIN,1,0,15
Nepal,NEP63,PATIT,VIIN,0,0,15
Nepal,NEP64,PATIT,VIIN,0,0,15
Nepal,NEP65,PATIT,VIIN,0,0,15
Nepal,NEP66,PATIT,VIIN,2,0,15
Nepal,NEP67,PATIT,VIIN,0,0,15
Nepal,NEP68,PATIT,VIIN,0,0,15
Nepal,NEP69,PATIT,VIIN,0,0,15
Nepal,NEP70,PATIT,VIIN,2,2,15
Nepal,NEP71,PATIT,VIIN,3,1,15
Nepal,NEP72,PATIT,VIIN,0,0,15
Nepal,NEP73,PATIT,VIIN,0,0,15
Nepal,NEP74,PATIT,VIIN,1,0,15
Nepal,NEP75,PATIT,VIIN,1,0,15
Nepal,NEP76,PATIT,VIIN,0,0,15
Nepal,NEP77,PATIT,VIIN,0,1,15
Nepal,NEP78,PATIT,VIIN,0,0,15
Nepal,NEP01,PATIT,VIZI,0,2,15
Nepal,NEP02,PATIT,VIZI,0,0,15
Nepal,NEP03,PATIT,VIZI,0,0,15
Nepal,NEP04,PATIT,VIZI,0,0,15
Nepal,NEP05,PATIT,VIZI,0,0,15
Nepal,NEP06,PATIT,VIZI,0,0,15
Nepal,NEP07,PATIT,VIZI,0,0,15
Nepal,NEP08,PATIT,VIZI,2,1,15
Nepal,NEP09,PATIT,VIZI,1,0,15
Nepal,NEP10,PATIT,VIZI,0,1,15
Nepal,NEP11,PATIT,VIZI,0,0,15
Nepal,NEP12,PATIT,VIZI,1,0,15
Nepal,NEP13,PATIT,VIZI,1,0,15
Nepal,NEP14,PATIT,VIZI,0,1,15
Nepal,NEP15,PATIT,VIZI,0,0,15
Nepal,NEP16,PATIT,VIZI,0,0,15
Nepal,NEP17,PATIT,VIZI,0,3,15
Nepal,NEP18,PATIT,VIZI,0,0,15
Nepal,NEP19,PATIT,VIZI,0,1,15
Nepal,NEP20,PATIT,VIZI,0,0,15
Nepal,NEP21,PATIT,VIZI,0,0,15
Nepal,NEP22,PATIT,VIZI,0,0,15
Nepal,NEP23,PATIT,VIZI,0,0,15
Nepal,NEP24,PATIT,VIZI,0,0,15
Nepal,NEP25,PATIT,VIZI,0,0,15
Nepal,NEP26,PATIT,VIZI,1,0,15
Nepal,NEP27,PATIT,VIZI,0,0,15
Nepal,NEP28,PATIT,VIZI,1,1,15
Nepal,NEP29,PATIT,VIZI,0,0,15
Nepal,NEP30,PATIT,VIZI,2,0,15
Nepal,NEP31,PATIT,VIZI,6,0,15
Nepal,NEP32,PATIT,VIZI,2,0,15
Nepal,NEP33,PATIT,VIZI,0,0,15
Nepal,NEP34,PATIT,VIZI,2,0,15
Nepal,NEP35,PATIT,VIZI,0,0,15
Nepal,NEP36,PATIT,VIZI,3,0,15
Nepal,NEP37,PATIT,VIZI,1,1,15
Nepal,NEP38,PATIT,VIZI,1,0,15
Nepal,NEP39,PATIT,VIZI,0,0,15
Nepal,NEP40,PATIT,VIZI,3,2,15
Nepal,NEP41,PATIT,VIZI,3,2,15
Nepal,NEP42,PATIT,VIZI,2,0,15
Nepal,NEP43,PATIT,VIZI,1,0,15
Nepal,NEP44,PATIT,VIZI,1,0,15
Nepal,NEP45,PATIT,VIZI,2,1,15
Nepal,NEP46,PATIT,VIZI,4,0,15
Nepal,NEP47,PATIT,VIZI,2,0,15
Nepal,NEP48,PATIT,VIZI,0,3,15
Nepal,NEP49,PATIT,VIZI,2,2,15
Nepal,NEP50,PATIT,VIZI,2,5,15
Nepal,NEP51,PATIT,VIZI,1,7,15
Nepal,NEP52,PATIT,VIZI,1,1,15
Nepal,NEP53,PATIT,VIZI,2,1,15
Nepal,NEP54,PATIT,VIZI,2,3,15
Nepal,NEP55,PATIT,VIZI,0,0,15
Nepal,NEP56,PATIT,VIZI,0,0,15
Nepal,NEP57,PATIT,VIZI,0,0,15
Nepal,NEP58,PATIT,VIZI,3,0,15
Nepal,NEP59,PATIT,VIZI,0,0,15
Nepal,NEP60,PATIT,VIZI,1,0,15
Nepal,NEP61,PATIT,VIZI,0,0,15
Nepal,NEP62,PATIT,VIZI,1,0,15
Nepal,NEP63,PATIT,VIZI,0,0,15
Nepal,NEP64,PATIT,VIZI,0,0,15
Nepal,NEP65,PATIT,VIZI,0,0,15
Nepal,NEP66,PATIT,VIZI,2,0,15
Nepal,NEP67,PATIT,VIZI,0,0,15
Nepal,NEP68,PATIT,VIZI,0,0,15
Nepal,NEP69,PATIT,VIZI,0,0,15
Nepal,NEP70,PATIT,VIZI,2,0,15
Nepal,NEP71,PATIT,VIZI,3,0,15
Nepal,NEP72,PATIT,VIZI,0,0,15
Nepal,NEP73,PATIT,VIZI,0,0,15
Nepal,NEP74,PATIT,VIZI,1,0,15
Nepal,NEP75,PATIT,VIZI,1,1,15
Nepal,NEP76,PATIT,VIZI,0,0,15
Nepal,NEP77,PATIT,VIZI,0,0,15
Nepal,NEP78,PATIT,VIZI,0,0,15
Nepal,NEP01,PRBE,VIIN,0,0,15
Nepal,NEP02,PRBE,VIIN,0,0,15
Nepal,NEP03,PRBE,VIIN,0,0,15
Nepal,NEP04,PRBE,VIIN,0,0,15
Nepal,NEP05,PRBE,VIIN,0,0,15
Nepal,NEP06,PRBE,VIIN,1,0,15
Nepal,NEP07,PRBE,VIIN,0,0,15
Nepal,NEP08,PRBE,VIIN,0,0,15
Nepal,NEP09,PRBE,VIIN,1,0,15
Nepal,NEP10,PRBE,VIIN,0,0,15
Nepal,NEP11,PRBE,VIIN,0,0,15
Nepal,NEP12,PRBE,VIIN,0,0,15
Nepal,NEP13,PRBE,VIIN,0,0,15
Nepal,NEP14,PRBE,VIIN,1,0,15
Nepal,NEP15,PRBE,VIIN,0,0,15
Nepal,NEP16,PRBE,VIIN,0,0,15
Nepal,NEP17,PRBE,VIIN,1,0,15
Nepal,NEP18,PRBE,VIIN,0,0,15
Nepal,NEP19,PRBE,VIIN,0,0,15
Nepal,NEP20,PRBE,VIIN,1,0,15
Nepal,NEP21,PRBE,VIIN,0,1,15
Nepal,NEP22,PRBE,VIIN,0,0,15
Nepal,NEP23,PRBE,VIIN,0,0,15
Nepal,NEP24,PRBE,VIIN,3,0,15
Nepal,NEP25,PRBE,VIIN,0,0,15
Nepal,NEP26,PRBE,VIIN,0,0,15
Nepal,NEP27,PRBE,VIIN,0,0,15
Nepal,NEP28,PRBE,VIIN,0,0,15
Nepal,NEP29,PRBE,VIIN,0,0,15
Nepal,NEP30,PRBE,VIIN,0,0,15
Nepal,NEP31,PRBE,VIIN,1,4,15
Nepal,NEP32,PRBE,VIIN,0,2,15
Nepal,NEP33,PRBE,VIIN,1,3,15
Nepal,NEP34,PRBE,VIIN,0,0,15
Nepal,NEP35,PRBE,VIIN,0,0,15
Nepal,NEP36,PRBE,VIIN,1,0,15
Nepal,NEP37,PRBE,VIIN,0,0,15
Nepal,NEP38,PRBE,VIIN,0,0,15
Nepal,NEP39,PRBE,VIIN,0,0,15
Nepal,NEP40,PRBE,VIIN,0,0,15
Nepal,NEP41,PRBE,VIIN,0,0,15
Nepal,NEP42,PRBE,VIIN,0,0,15
Nepal,NEP43,PRBE,VIIN,0,0,15
Nepal,NEP44,PRBE,VIIN,0,0,15
Nepal,NEP45,PRBE,VIIN,0,1,15
Nepal,NEP46,PRBE,VIIN,0,3,15
Nepal,NEP47,PRBE,VIIN,1,0,15
Nepal,NEP48,PRBE,VIIN,1,0,15
Nepal,NEP49,PRBE,VIIN,1,0,15
Nepal,NEP50,PRBE,VIIN,1,0,15
Nepal,NEP51,PRBE,VIIN,2,0,15
Nepal,NEP52,PRBE,VIIN,0,0,15
Nepal,NEP53,PRBE,VIIN,0,0,15
Nepal,NEP54,PRBE,VIIN,0,2,15
Nepal,NEP55,PRBE,VIIN,0,2,15
Nepal,NEP56,PRBE,VIIN,0,0,15
Nepal,NEP57,PRBE,VIIN,0,0,15
Nepal,NEP58,PRBE,VIIN,0,0,15
Nepal,NEP59,PRBE,VIIN,0,0,15
Nepal,NEP60,PRBE,VIIN,0,0,15
Nepal,NEP61,PRBE,VIIN,0,0,15
Nepal,NEP62,PRBE,VIIN,0,0,15
Nepal,NEP63,PRBE,VIIN,0,0,15
Nepal,NEP64,PRBE,VIIN,0,0,15
Nepal,NEP65,PRBE,VIIN,0,0,15
Nepal,NEP66,PRBE,VIIN,0,0,15
Nepal,NEP67,PRBE,VIIN,0,0,15
Nepal,NEP68,PRBE,VIIN,0,0,15
Nepal,NEP69,PRBE,VIIN,0,0,15
Nepal,NEP70,PRBE,VIIN,0,2,15
Nepal,NEP71,PRBE,VIIN,0,1,15
Nepal,NEP72,PRBE,VIIN,0,0,15
Nepal,NEP73,PRBE,VIIN,0,0,15
Nepal,NEP74,PRBE,VIIN,0,0,15
Nepal,NEP75,PRBE,VIIN,0,0,15
Nepal,NEP76,PRBE,VIIN,0,0,15
Nepal,NEP77,PRBE,VIIN,1,1,15
Nepal,NEP78,PRBE,VIIN,0,0,15
Nepal,NEP01,PRBE,VIZI,0,2,15
Nepal,NEP02,PRBE,VIZI,0,0,15
Nepal,NEP03,PRBE,VIZI,0,0,15
Nepal,NEP04,PRBE,VIZI,0,0,15
Nepal,NEP05,PRBE,VIZI,0,0,15
Nepal,NEP06,PRBE,VIZI,1,0,15
Nepal,NEP07,PRBE,VIZI,0,0,15
Nepal,NEP08,PRBE,VIZI,0,1,15
Nepal,NEP09,PRBE,VIZI,1,0,15
Nepal,NEP10,PRBE,VIZI,0,1,15
Nepal,NEP11,PRBE,VIZI,0,0,15
Nepal,NEP12,PRBE,VIZI,0,0,15
Nepal,NEP13,PRBE,VIZI,0,0,15
Nepal,NEP14,PRBE,VIZI,1,1,15
Nepal,NEP15,PRBE,VIZI,0,0,15
Nepal,NEP16,PRBE,VIZI,0,0,15
Nepal,NEP17,PRBE,VIZI,1,3,15
Nepal,NEP18,PRBE,VIZI,0,0,15
Nepal,NEP19,PRBE,VIZI,0,1,15
Nepal,NEP20,PRBE,VIZI,1,0,15
Nepal,NEP21,PRBE,VIZI,0,0,15
Nepal,NEP22,PRBE,VIZI,0,0,15
Nepal,NEP23,PRBE,VIZI,0,0,15
Nepal,NEP24,PRBE,VIZI,3,0,15
Nepal,NEP25,PRBE,VIZI,0,0,15
Nepal,NEP26,PRBE,VIZI,0,0,15
Nepal,NEP27,PRBE,VIZI,0,0,15
Nepal,NEP28,PRBE,VIZI,0,1,15
Nepal,NEP29,PRBE,VIZI,0,0,15
Nepal,NEP30,PRBE,VIZI,0,0,15
Nepal,NEP31,PRBE,VIZI,1,0,15
Nepal,NEP32,PRBE,VIZI,0,0,15
Nepal,NEP33,PRBE,VIZI,1,0,15
Nepal,NEP34,PRBE,VIZI,0,0,15
Nepal,NEP35,PRBE,VIZI,0,0,15
Nepal,NEP36,PRBE,VIZI,1,0,15
Nepal,NEP37,PRBE,VIZI,0,1,15
Nepal,NEP38,PRBE,VIZI,0,0,15
Nepal,NEP39,PRBE,VIZI,0,0,15
Nepal,NEP40,PRBE,VIZI,0,2,15
Nepal,NEP41,PRBE,VIZI,0,2,15
Nepal,NEP42,PRBE,VIZI,0,0,15
Nepal,NEP43,PRBE,VIZI,0,0,15
Nepal,NEP44,PRBE,VIZI,0,0,15
Nepal,NEP45,PRBE,VIZI,0,1,15
Nepal,NEP46,PRBE,VIZI,0,0,15
Nepal,NEP47,PRBE,VIZI,1,0,15
Nepal,NEP48,PRBE,VIZI,1,3,15
Nepal,NEP49,PRBE,VIZI,1,2,15
Nepal,NEP50,PRBE,VIZI,1,5,15
Nepal,NEP51,PRBE,VIZI,2,7,15
Nepal,NEP52,PRBE,VIZI,0,1,15
Nepal,NEP53,PRBE,VIZI,0,1,15
Nepal,NEP54,PRBE,VIZI,0,3,15
Nepal,NEP55,PRBE,VIZI,0,0,15
Nepal,NEP56,PRBE,VIZI,0,0,15
Nepal,NEP57,PRBE,VIZI,0,0,15
Nepal,NEP58,PRBE,VIZI,0,0,15
Nepal,NEP59,PRBE,VIZI,0,0,15
Nepal,NEP60,PRBE,VIZI,0,0,15
Nepal,NEP61,PRBE,VIZI,0,0,15
Nepal,NEP62,PRBE,VIZI,0,0,15
Nepal,NEP63,PRBE,VIZI,0,0,15
Nepal,NEP64,PRBE,VIZI,0,0,15
Nepal,NEP65,PRBE,VIZI,0,0,15
Nepal,NEP66,PRBE,VIZI,0,0,15
Nepal,NEP67,PRBE,VIZI,0,0,15
Nepal,NEP68,PRBE,VIZI,0,0,15
Nepal,NEP69,PRBE,VIZI,0,0,15
Nepal,NEP70,PRBE,VIZI,0,0,15
Nepal,NEP71,PRBE,VIZI,0,0,15
Nepal,NEP72,PRBE,VIZI,0,0,15
Nepal,NEP73,PRBE,VIZI,0,0,15
Nepal,NEP74,PRBE,VIZI,0,0,15
Nepal,NEP75,PRBE,VIZI,0,1,15
Nepal,NEP76,PRBE,VIZI,0,0,15
Nepal,NEP77,PRBE,VIZI,1,0,15
Nepal,NEP78,PRBE,VIZI,0,0,15
Nepal,NEP01,VIIN,VIZI,0,2,15
Nepal,NEP02,VIIN,VIZI,0,0,15
Nepal,NEP03,VIIN,VIZI,0,0,15
Nepal,NEP04,VIIN,VIZI,0,0,15
Nepal,NEP05,VIIN,VIZI,0,0,15
Nepal,NEP06,VIIN,VIZI,0,0,15
Nepal,NEP07,VIIN,VIZI,0,0,15
Nepal,NEP08,VIIN,VIZI,0,1,15
Nepal,NEP09,VIIN,VIZI,0,0,15
Nepal,NEP10,VIIN,VIZI,0,1,15
Nepal,NEP11,VIIN,VIZI,0,0,15
Nepal,NEP12,VIIN,VIZI,0,0,15
Nepal,NEP13,VIIN,VIZI,0,0,15
Nepal,NEP14,VIIN,VIZI,0,1,15
Nepal,NEP15,VIIN,VIZI,0,0,15
Nepal,NEP16,VIIN,VIZI,0,0,15
Nepal,NEP17,VIIN,VIZI,0,3,15
Nepal,NEP18,VIIN,VIZI,0,0,15
Nepal,NEP19,VIIN,VIZI,0,1,15
Nepal,NEP20,VIIN,VIZI,0,0,15
Nepal,NEP21,VIIN,VIZI,1,0,15
Nepal,NEP22,VIIN,VIZI,0,0,15
Nepal,NEP23,VIIN,VIZI,0,0,15
Nepal,NEP24,VIIN,VIZI,0,0,15
Nepal,NEP25,VIIN,VIZI,0,0,15
Nepal,NEP26,VIIN,VIZI,0,0,15
Nepal,NEP27,VIIN,VIZI,0,0,15
Nepal,NEP28,VIIN,VIZI,0,1,15
Nepal,NEP29,VIIN,VIZI,0,0,15
Nepal,NEP30,VIIN,VIZI,0,0,15
Nepal,NEP31,VIIN,VIZI,4,0,15
Nepal,NEP32,VIIN,VIZI,2,0,15
Nepal,NEP33,VIIN,VIZI,3,0,15
Nepal,NEP34,VIIN,VIZI,0,0,15
Nepal,NEP35,VIIN,VIZI,0,0,15
Nepal,NEP36,VIIN,VIZI,0,0,15
Nepal,NEP37,VIIN,VIZI,0,1,15
Nepal,NEP38,VIIN,VIZI,0,0,15
Nepal,NEP39,VIIN,VIZI,0,0,15
Nepal,NEP40,VIIN,VIZI,0,2,15
Nepal,NEP41,VIIN,VIZI,0,2,15
Nepal,NEP42,VIIN,VIZI,0,0,15
Nepal,NEP43,VIIN,VIZI,0,0,15
Nepal,NEP44,VIIN,VIZI,0,0,15
Nepal,NEP45,VIIN,VIZI,1,1,15
Nepal,NEP46,VIIN,VIZI,3,0,15
Nepal,NEP47,VIIN,VIZI,0,0,15
Nepal,NEP48,VIIN,VIZI,0,3,15
Nepal,NEP49,VIIN,VIZI,0,2,15
Nepal,NEP50,VIIN,VIZI,0,5,15
Nepal,NEP51,VIIN,VIZI,0,7,15
Nepal,NEP52,VIIN,VIZI,0,1,15
Nepal,NEP53,VIIN,VIZI,0,1,15
Nepal,NEP54,VIIN,VIZI,2,3,15
Nepal,NEP55,VIIN,VIZI,2,0,15
Nepal,NEP56,VIIN,VIZI,0,0,15
Nepal,NEP57,VIIN,VIZI,0,0,15
Nepal,NEP58,VIIN,VIZI,0,0,15
Nepal,NEP59,VIIN,VIZI,0,0,15
Nepal,NEP60,VIIN,VIZI,0,0,15
Nepal,NEP61,VIIN,VIZI,0,0,15
Nepal,NEP62,VIIN,VIZI,0,0,15
Nepal,NEP63,VIIN,VIZI,0,0,15
Nepal,NEP64,VIIN,VIZI,0,0,15
Nepal,NEP65,VIIN,VIZI,0,0,15
Nepal,NEP66,VIIN,VIZI,0,0,15
Nepal,NEP67,VIIN,VIZI,0,0,15
Nepal,NEP68,VIIN,VIZI,0,0,15
Nepal,NEP69,VIIN,VIZI,0,0,15
Nepal,NEP70,VIIN,VIZI,2,0,15
Nepal,NEP71,VIIN,VIZI,1,0,15
Nepal,NEP72,VIIN,VIZI,0,0,15
Nepal,NEP73,VIIN,VIZI,0,0,15
Nepal,NEP74,VIIN,VIZI,0,0,15
Nepal,NEP75,VIIN,VIZI,0,1,15
Nepal,NEP76,VIIN,VIZI,0,0,15
Nepal,NEP77,VIIN,VIZI,1,0,15
Nepal,NEP78,VIIN,VIZI,0,0,15
